resident_id,facility,sex,age,education_years,height_cm,weight_kg,bmi,blood_type,hypertension,diabetes,stroke,hearing_loss,spmsq_errors,adl_barthel,iadl,gds15,falls_past_year,sleep_hours,social_per_week,n_medications,dementia
R0001,A機構,M,81,5.0,164.6,46.2,17.1,O,1,0,1,0,0,30.0,6,8.0,0,6.4,3,6,0
R0002,A機構,F,80,13.0,154.7,49.2,20.6,O,1,1,1,1,1,90.0,3,5.0,1,6.0,7,5,0
R0003,A機構,F,75,6.0,158.7,67.8,26.9,B,1,0,0,1,3,80.0,0,8.0,2,7.8,3,4,1
R0004,A機構,F,79,10.0,151.0,62.2,27.3,A,1,1,0,1,8,60.0,1,2.0,1,6.7,2,4,1
R0005,A機構,M,77,3.0,151.5,46.8,20.4,A,1,0,1,0,8,5.0,3,8.0,1,5.4,5,12,1
R0006,A機構,M,87,2.0,166.6,60.1,21.7,O,1,1,0,1,4,60.0,3,4.0,1,6.1,0,9,1
R0007,C機構,F,84,12.0,162.0,64.7,24.7,B,1,0,1,1,2,65.0,6,6.0,2,7.9,2,11,1
R0008,C機構,F,91,5.0,162.9,61.8,23.3,B,1,1,0,1,5,40.0,1,10.0,0,6.8,0,9,1
R0009,C機構,F,85,0.0,151.3,61.0,26.6,O,0,1,0,0,3,80.0,8,3.0,0,6.8,6,5,0
R0010,A機構,F,88,16.0,151.5,46.4,20.2,AB,1,0,0,1,2,60.0,2,5.0,0,8.3,2,4,0
R0011,A機構,F,89,10.0,158.7,50.9,20.2,O,0,0,0,0,6,45.0,2,5.0,0,6.7,2,3,1
R0012,B機構,M,83,9.0,168.5,57.0,20.1,O,1,0,0,0,4,40.0,2,6.0,1,8.2,4,4,1
R0013,B機構,M,86,10.0,164.7,61.3,22.6,O,1,0,0,0,5,55.0,2,5.0,1,8.4,5,7,1
R0014,B機構,F,83,11.0,141.4,37.9,19.0,O,0,0,0,1,4,60.0,4,2.0,0,7.2,3,5,1
R0015,A機構,M,85,,161.9,67.8,25.9,O,0,0,0,0,3,85.0,4,6.0,0,5.9,6,4,0
R0016,A機構,F,96,11.0,152.0,71.3,30.9,A,0,0,0,1,0,35.0,5,5.0,0,7.4,2,3,1
R0017,C機構,M,85,7.0,159.6,55.6,21.8,A,1,0,0,0,6,60.0,4,1.0,0,5.7,1,4,0
R0018,A機構,M,76,3.0,177.0,73.0,23.3,A,1,0,0,0,6,15.0,1,7.0,0,7.7,3,5,1
R0019,B機構,F,77,2.0,151.9,52.1,22.6,A,1,0,0,0,2,50.0,6,5.0,1,9.6,4,3,0
R0020,B機構,M,92,17.0,158.2,38.3,15.3,O,0,0,1,0,7,60.0,0,5.0,1,6.6,4,10,1
R0021,C機構,F,66,4.0,157.3,45.0,18.2,A,1,0,0,0,8,70.0,3,9.0,2,8.3,3,3,1
R0022,C機構,F,79,10.0,149.4,47.5,21.3,O,0,0,0,0,5,40.0,4,3.0,0,6.2,2,3,0
R0023,B機構,M,81,3.0,159.2,54.7,21.6,O,1,0,0,0,4,60.0,1,8.0,0,5.1,2,4,1
R0024,C機構,M,91,13.0,161.2,45.4,17.5,B,1,1,0,1,5,50.0,5,5.0,2,4.2,2,5,1
R0025,C機構,M,87,5.0,164.4,61.4,22.7,O,0,0,0,0,1,100.0,4,,1,6.6,3,4,0
R0026,B機構,F,80,13.0,145.5,41.7,19.7,O,0,0,0,1,3,80.0,6,,0,5.2,2,3,0
R0027,A機構,F,72,11.0,146.9,51.6,23.9,A,1,0,0,0,0,85.0,8,6.0,0,,3,6,0
R0028,B機構,M,81,4.0,153.1,48.7,20.8,B,1,1,0,0,0,30.0,6,4.0,1,6.1,4,9,0
R0029,A機構,M,84,9.0,172.5,76.8,25.8,A,1,0,1,0,2,65.0,2,6.0,1,7.8,0,8,1
R0030,A機構,F,84,1.0,149.0,40.0,18.0,A,0,0,0,0,0,55.0,4,8.0,4,7.1,4,1,0
R0031,B機構,F,78,0.0,153.5,65.5,27.8,A,1,0,1,0,6,55.0,1,1.0,1,9.4,4,7,1
R0032,A機構,F,85,4.0,148.1,48.6,22.2,B,0,1,0,1,5,90.0,0,5.0,2,6.1,6,6,1
R0033,B機構,F,86,1.0,154.9,55.8,23.3,O,1,1,0,0,2,75.0,3,3.0,0,8.8,5,5,0
R0034,B機構,M,72,4.0,162.3,54.7,20.8,O,0,0,0,0,4,75.0,4,6.0,0,6.8,3,4,0
R0035,B機構,F,77,5.0,153.0,58.8,25.1,A,0,1,0,0,4,60.0,4,9.0,1,8.4,2,4,1
R0036,C機構,F,65,13.0,158.2,55.5,22.2,A,1,0,1,0,0,85.0,6,8.0,0,7.7,2,9,0
R0037,B機構,F,74,13.0,152.1,51.6,22.3,O,0,1,0,0,5,50.0,4,6.0,0,6.4,1,1,1
R0038,C機構,M,81,15.0,163.8,67.9,25.3,O,1,0,0,0,3,85.0,2,7.0,0,8.3,4,7,0
R0039,A機構,M,82,17.0,161.1,47.8,18.4,A,1,0,0,0,1,30.0,3,4.0,1,4.8,3,6,0
R0040,A機構,F,72,10.0,158.3,48.3,19.3,A,1,0,1,0,4,25.0,2,5.0,1,5.5,1,5,1
R0041,A機構,F,83,13.0,157.4,52.1,21.0,O,0,0,0,0,5,80.0,4,4.0,3,10.9,1,2,1
R0042,C機構,F,74,16.0,142.1,58.3,28.9,AB,1,0,0,0,2,80.0,4,7.0,0,8.6,0,2,0
R0043,A機構,F,80,5.0,162.6,47.7,18.0,O,1,1,1,0,6,70.0,3,4.0,0,7.7,2,11,1
R0044,A機構,F,86,8.0,154.3,60.9,25.6,B,1,1,0,1,4,80.0,5,6.0,1,7.2,2,8,1
R0045,B機構,F,82,10.0,150.1,44.7,19.8,B,0,0,0,0,2,15.0,3,4.0,1,5.1,2,4,1
R0046,B機構,F,80,0.0,164.0,57.5,21.4,O,1,0,0,0,3,90.0,6,6.0,0,5.8,2,8,0
R0047,A機構,F,91,8.0,158.1,60.1,24.0,A,0,0,0,0,4,90.0,3,4.0,2,6.2,2,5,1
R0048,B機構,F,85,10.0,148.9,57.4,25.9,O,1,1,1,0,2,80.0,4,5.0,2,6.7,4,7,0
R0049,A機構,M,90,,160.8,63.7,24.6,B,1,1,0,1,2,85.0,4,4.0,1,6.1,4,5,0
R0050,B機構,F,77,3.0,153.4,36.1,15.3,AB,0,0,0,0,0,75.0,3,4.0,1,7.5,5,1,0
R0051,B機構,F,81,5.0,153.9,58.0,24.5,A,0,0,0,0,1,40.0,4,5.0,0,7.5,3,5,0
R0052,B機構,F,74,,155.0,61.6,25.6,AB,0,0,0,0,0,85.0,4,7.0,1,9.9,0,2,0
R0053,C機構,F,92,12.0,140.9,50.0,25.2,A,1,0,0,0,3,90.0,4,4.0,0,7.0,4,6,0
R0054,C機構,M,83,12.0,163.1,43.8,16.5,A,1,0,1,0,3,85.0,4,3.0,1,5.3,0,8,0
R0055,A機構,F,83,6.0,150.1,56.1,24.9,A,1,1,0,1,2,90.0,0,4.0,0,6.4,3,6,0
R0056,A機構,M,79,16.0,168.7,59.2,20.8,O,0,0,0,1,4,65.0,4,5.0,0,6.1,3,5,0
R0057,A機構,F,75,0.0,152.6,55.7,23.9,O,1,0,0,0,5,50.0,0,7.0,0,8.6,3,4,1
R0058,B機構,F,82,10.0,155.5,56.1,23.2,O,0,0,1,1,5,80.0,2,4.0,1,8.8,1,3,1
R0059,B機構,F,71,15.0,152.9,71.3,30.5,O,0,0,0,0,3,70.0,5,4.0,0,7.8,3,5,0
R0060,A機構,F,70,13.0,157.0,85.5,34.7,B,1,0,1,0,1,35.0,4,6.0,2,6.0,3,7,0
R0061,B機構,F,88,4.0,148.4,56.0,25.4,B,0,1,0,0,1,65.0,0,5.0,0,7.2,1,7,0
R0062,A機構,F,87,7.0,148.3,49.2,22.4,O,0,0,0,0,1,100.0,4,4.0,0,6.6,2,10,0
R0063,A機構,F,75,16.0,156.7,61.3,25.0,A,0,0,0,0,4,95.0,1,7.0,0,6.3,1,3,0
R0064,C機構,F,81,4.0,152.3,55.3,23.8,A,0,0,0,1,5,80.0,0,2.0,0,5.4,3,3,1
R0065,B機構,F,82,13.0,147.1,52.7,24.4,A,0,0,0,0,2,70.0,5,7.0,0,6.2,4,1,0
R0066,C機構,F,82,16.0,146.1,54.2,25.4,O,0,0,0,0,5,80.0,1,5.0,1,8.8,6,6,1
R0067,C機構,F,78,13.0,144.4,50.1,24.0,B,0,1,1,0,4,100.0,0,9.0,0,5.3,0,2,1
R0068,B機構,F,88,11.0,155.3,53.2,22.1,O,1,0,0,0,6,55.0,3,7.0,1,10.6,4,4,1
R0069,C機構,M,79,3.0,170.1,50.1,17.3,A,0,1,1,0,1,55.0,3,7.0,2,6.7,3,5,0
R0070,C機構,F,81,6.0,167.5,56.9,20.3,A,0,0,0,1,7,50.0,4,7.0,1,5.6,1,2,1
R0071,B機構,M,79,0.0,162.4,74.7,28.3,A,0,0,0,1,8,40.0,4,7.0,0,8.7,1,4,1
R0072,C機構,M,88,6.0,164.2,51.8,19.2,B,0,0,0,1,3,50.0,5,7.0,0,5.5,3,2,1
R0073,B機構,F,83,11.0,142.4,58.6,28.9,O,0,0,0,1,4,100.0,4,6.0,0,9.9,2,6,1
R0074,A機構,F,84,11.0,148.8,33.2,15.0,B,1,1,0,1,3,80.0,4,4.0,0,6.0,4,8,0
R0075,A機構,F,78,13.0,153.5,60.3,25.6,AB,0,0,0,0,3,35.0,2,6.0,1,,3,5,1
R0076,A機構,M,82,9.0,158.0,70.7,28.3,B,0,0,0,0,0,90.0,7,3.0,0,5.9,4,3,0
R0077,B機構,F,81,8.0,159.5,61.8,24.3,AB,1,0,0,0,6,35.0,5,5.0,2,5.9,2,7,1
R0078,B機構,M,84,4.0,170.2,80.1,27.7,O,0,0,0,0,2,65.0,4,3.0,0,4.9,7,3,0
R0079,B機構,F,84,6.0,151.0,46.8,20.5,A,1,1,0,0,1,55.0,0,2.0,0,6.4,2,5,1
R0080,B機構,F,81,3.0,168.7,73.0,25.7,A,1,0,0,0,3,90.0,4,4.0,1,6.2,3,1,1
R0081,A機構,F,74,0.0,143.9,56.6,27.3,AB,0,1,0,0,4,60.0,4,3.0,1,7.3,6,7,0
R0082,B機構,F,85,13.0,155.7,39.1,16.1,O,1,0,1,1,4,35.0,5,2.0,0,,5,6,0
R0083,C機構,F,92,3.0,150.9,54.7,24.0,O,1,1,0,1,8,30.0,0,3.0,1,9.2,2,6,1
R0084,C機構,M,75,17.0,157.1,63.8,25.9,B,1,0,0,0,5,70.0,3,4.0,1,,2,5,1
R0085,B機構,F,80,4.0,149.7,39.9,17.8,B,1,0,0,0,4,85.0,2,9.0,0,5.8,1,5,1
R0086,A機構,F,79,11.0,144.8,47.3,22.6,O,0,0,0,0,2,75.0,5,3.0,0,8.4,0,4,0
R0087,B機構,M,89,0.0,165.4,71.2,26.0,A,0,0,0,1,8,30.0,2,3.0,1,9.5,4,4,1
R0088,C機構,M,75,5.0,168.4,53.9,19.0,B,0,0,0,1,1,90.0,6,2.0,0,7.5,5,2,0
R0089,A機構,F,84,12.0,157.5,40.2,16.2,O,1,0,0,0,2,60.0,6,4.0,0,8.9,3,7,0
R0090,C機構,M,81,10.0,159.2,57.9,22.8,O,0,0,1,1,0,100.0,5,3.0,0,6.4,1,8,0
R0091,A機構,M,88,5.0,169.0,64.4,22.5,A,0,1,0,1,5,35.0,6,7.0,0,8.4,4,3,1
R0092,A機構,F,80,10.0,148.7,58.5,26.5,A,0,0,1,0,1,75.0,8,4.0,0,6.7,2,7,0
R0093,A機構,F,96,12.0,150.8,48.0,21.1,AB,1,0,0,1,9,90.0,6,6.0,2,8.1,1,4,1
R0094,B機構,F,70,13.0,154.9,51.8,21.6,A,1,1,0,0,7,85.0,1,8.0,0,5.4,4,6,1
R0095,B機構,F,82,15.0,159.8,60.1,23.5,A,0,1,0,1,3,95.0,3,8.0,0,8.7,1,4,0
R0096,C機構,M,84,10.0,161.1,60.5,23.3,A,0,0,0,1,4,55.0,1,4.0,1,7.7,2,5,1
R0097,A機構,F,75,3.0,152.3,56.6,24.4,A,0,0,0,0,1,50.0,5,7.0,0,6.9,3,3,0
R0098,C機構,M,71,12.0,166.5,84.0,30.3,O,1,0,0,0,3,75.0,3,8.0,0,7.9,2,2,0
R0099,B機構,F,92,4.0,158.8,48.8,19.4,B,0,1,0,1,2,75.0,2,,0,4.6,3,1,1
R0100,A機構,F,91,0.0,149.1,53.7,24.2,B,1,0,0,1,9,20.0,4,4.0,0,7.6,3,4,1
R0101,A機構,F,87,13.0,153.4,53.4,22.7,A,1,0,0,1,4,45.0,7,4.0,0,9.1,2,3,1
R0102,A機構,M,93,9.0,154.7,48.7,20.3,B,0,1,0,1,3,65.0,5,,0,8.4,5,5,0
R0103,A機構,F,88,15.0,160.8,63.3,24.5,B,1,1,0,0,9,65.0,2,5.0,0,9.1,5,6,1
R0104,C機構,F,75,0.0,157.0,53.8,21.8,B,1,0,0,0,3,45.0,3,,1,7.6,2,4,0
R0105,B機構,M,66,9.0,162.5,53.2,20.1,A,1,0,0,0,3,100.0,7,4.0,0,8.0,1,4,0
R0106,A機構,F,75,3.0,155.4,60.7,25.1,O,1,0,0,0,6,20.0,0,3.0,2,5.0,1,3,1
R0107,A機構,F,88,16.0,158.5,41.3,16.4,AB,0,0,0,0,4,55.0,0,2.0,0,7.0,1,5,0
R0108,C機構,M,76,8.0,165.3,54.1,19.8,A,1,0,0,0,3,60.0,5,4.0,2,8.6,3,4,0
R0109,B機構,M,85,11.0,171.1,65.9,22.5,AB,1,0,1,0,4,80.0,2,1.0,0,9.7,2,2,1
R0110,C機構,M,83,10.0,161.8,46.3,17.7,O,0,1,1,0,2,80.0,6,4.0,1,8.6,2,4,1
R0111,B機構,M,82,3.0,160.4,66.7,25.9,A,1,0,0,0,3,75.0,4,3.0,0,6.3,3,7,0
R0112,A機構,F,77,12.0,160.4,55.9,21.7,O,0,1,0,0,5,90.0,4,4.0,0,8.0,1,3,0
R0113,A機構,M,73,0.0,169.1,78.5,27.5,O,0,0,0,0,1,80.0,6,9.0,0,6.7,5,4,0
R0114,A機構,F,75,17.0,155.6,55.5,22.9,O,1,1,0,0,0,70.0,3,3.0,0,6.7,4,6,0
R0115,B機構,F,92,10.0,144.4,47.3,22.7,A,0,1,0,0,4,80.0,0,6.0,0,8.3,2,6,0
R0116,A機構,F,80,7.0,146.9,55.6,25.8,O,1,1,0,0,0,75.0,4,,0,7.4,2,6,0
R0117,A機構,M,85,9.0,163.6,76.2,28.5,A,1,0,0,0,3,90.0,5,6.0,0,7.5,2,7,0
R0118,B機構,F,67,6.0,152.6,54.7,23.5,O,0,0,0,0,1,100.0,8,4.0,1,8.3,2,3,0
R0119,C機構,F,86,1.0,145.8,54.6,25.7,A,0,0,1,0,4,65.0,5,9.0,0,6.1,1,5,0
R0120,A機構,F,86,7.0,156.6,54.3,22.1,A,1,0,0,0,3,55.0,2,3.0,0,6.8,5,11,0
R0121,A機構,M,79,12.0,163.4,59.6,22.3,O,0,0,0,0,3,25.0,2,6.0,1,8.1,1,6,1
R0122,B機構,F,84,1.0,157.4,46.9,18.9,O,0,0,0,0,1,85.0,8,11.0,0,7.3,2,7,0
R0123,A機構,F,73,16.0,143.0,32.3,15.8,O,1,0,0,0,0,85.0,5,8.0,0,6.8,1,4,0
R0124,C機構,F,83,3.0,154.9,60.4,25.2,O,1,0,0,0,1,65.0,4,4.0,1,6.7,3,9,0
R0125,C機構,F,91,11.0,150.0,48.1,21.4,A,1,0,0,1,2,55.0,2,,0,7.3,2,5,0
R0126,B機構,F,83,5.0,145.8,48.1,22.6,A,1,0,0,0,2,65.0,3,4.0,0,8.3,6,3,0
R0127,A機構,F,79,16.0,142.7,55.4,27.2,O,1,0,1,0,6,95.0,3,5.0,2,5.6,3,8,1
R0128,C機構,F,84,7.0,156.5,58.4,23.8,B,1,0,0,0,3,40.0,4,3.0,1,6.8,2,4,0
R0129,A機構,F,82,8.0,150.9,50.6,22.2,A,0,1,0,0,4,60.0,6,3.0,0,8.2,0,4,0
R0130,C機構,F,80,0.0,148.5,48.1,21.8,B,1,1,0,0,0,75.0,3,6.0,2,7.2,2,4,0
R0131,A機構,F,77,15.0,152.5,72.8,31.3,A,1,0,1,0,1,80.0,7,2.0,0,6.6,4,1,0
R0132,B機構,F,69,11.0,161.6,62.7,24.0,O,1,1,0,0,1,90.0,3,7.0,2,,3,8,0
R0133,A機構,F,82,8.0,147.5,56.2,25.8,O,0,0,0,0,4,60.0,5,6.0,1,9.0,2,3,1
R0134,C機構,F,77,8.0,151.6,51.1,22.2,O,0,0,0,0,6,60.0,3,1.0,1,10.1,3,7,1
R0135,A機構,M,87,,154.1,62.6,26.4,B,0,0,0,1,10,70.0,3,6.0,0,7.1,1,5,1
R0136,B機構,F,82,12.0,138.4,38.7,20.2,O,0,1,0,0,5,85.0,2,4.0,0,8.1,2,6,0
R0137,C機構,F,77,11.0,155.6,63.1,26.1,AB,1,0,0,0,2,75.0,6,5.0,0,7.9,0,8,0
R0138,C機構,M,86,12.0,164.0,51.3,19.1,O,0,0,0,0,2,70.0,4,5.0,1,9.8,3,3,0
R0139,A機構,M,87,5.0,161.0,79.0,30.5,A,0,1,0,1,3,50.0,4,7.0,1,7.4,1,4,0
R0140,A機構,F,74,17.0,149.2,59.2,26.6,O,1,0,1,1,7,60.0,4,3.0,0,4.5,0,9,1
R0141,B機構,F,80,7.0,150.6,34.5,15.2,O,1,0,1,0,3,60.0,3,1.0,1,7.8,0,8,0
R0142,A機構,M,87,11.0,152.4,60.5,26.0,O,1,1,1,0,2,70.0,6,5.0,1,5.6,2,9,0
R0143,C機構,M,84,8.0,152.8,55.7,23.9,B,1,0,0,0,2,100.0,6,5.0,0,,4,4,0
R0144,B機構,F,86,11.0,150.0,54.7,24.3,O,1,0,0,0,8,75.0,5,6.0,1,8.1,2,3,1
R0145,B機構,F,88,17.0,154.3,46.4,19.5,B,0,1,0,1,3,80.0,5,4.0,1,7.1,1,4,0
R0146,B機構,F,88,10.0,153.8,46.0,19.4,A,1,0,0,0,5,95.0,5,3.0,0,9.4,2,7,1
R0147,A機構,M,79,,168.7,61.9,21.8,B,0,0,0,0,3,80.0,0,6.0,0,8.9,2,8,0
R0148,A機構,M,81,7.0,170.3,53.0,18.3,AB,0,0,0,0,0,75.0,6,2.0,0,6.7,2,2,0
R0149,C機構,F,91,5.0,148.0,48.7,22.2,B,0,0,0,0,1,80.0,6,3.0,0,7.1,3,4,0
R0150,B機構,F,86,13.0,155.4,49.0,20.3,B,0,1,1,0,2,90.0,4,3.0,0,8.1,0,3,0
R0151,A機構,F,97,8.0,150.1,50.0,22.2,B,1,0,0,1,4,35.0,1,4.0,1,8.7,2,1,1
R0152,C機構,M,89,6.0,162.6,76.0,28.7,B,0,0,0,0,3,0.0,3,4.0,0,7.6,0,5,0
R0153,B機構,F,84,0.0,151.0,42.6,18.7,A,0,1,0,0,5,80.0,0,4.0,1,,2,6,1
R0154,A機構,F,84,5.0,145.8,49.7,23.4,O,1,1,0,1,8,65.0,2,8.0,1,8.1,5,12,1
R0155,B機構,M,72,13.0,169.8,70.7,24.5,B,0,0,0,0,3,75.0,4,2.0,1,9.0,2,3,0
R0156,A機構,F,74,4.0,150.0,47.0,20.9,O,1,0,0,0,3,100.0,0,4.0,1,3.5,3,1,1
R0157,A機構,M,80,,163.5,81.4,30.5,A,1,0,0,1,7,55.0,3,8.0,1,6.6,1,7,1
R0158,C機構,F,78,5.0,157.9,63.2,25.3,AB,1,0,0,0,1,100.0,5,,0,5.9,1,8,0
R0159,A機構,F,76,0.0,151.4,49.4,21.6,B,1,1,0,1,5,80.0,0,6.0,3,8.2,0,10,1
R0160,C機構,M,87,7.0,166.1,69.8,25.3,A,0,1,0,1,2,70.0,5,,0,6.9,1,6,0
R0161,A機構,F,79,7.0,147.7,53.0,24.3,O,1,1,0,0,2,100.0,0,2.0,1,6.0,2,7,0
R0162,A機構,F,81,17.0,141.3,46.5,23.3,A,0,0,0,0,0,50.0,8,4.0,0,7.1,4,2,0
R0163,C機構,F,89,13.0,154.5,73.0,30.6,AB,1,0,0,0,10,55.0,5,5.0,2,6.3,1,5,1
R0164,C機構,M,80,8.0,167.0,80.6,28.9,A,0,0,0,0,2,90.0,5,6.0,0,4.2,2,0,0
R0165,B機構,F,74,6.0,153.4,54.1,23.0,A,1,0,0,0,3,45.0,7,3.0,0,6.2,0,10,0
R0166,B機構,F,86,13.0,162.2,43.6,16.6,B,1,0,0,0,1,40.0,2,7.0,3,8.1,2,3,1
R0167,A機構,M,90,7.0,160.1,44.3,17.3,O,0,0,0,1,0,80.0,5,6.0,0,9.1,2,1,1
R0168,B機構,F,80,12.0,155.9,59.2,24.4,O,0,1,0,0,5,60.0,2,4.0,0,7.7,1,4,0
R0169,B機構,F,77,7.0,158.8,71.8,28.5,O,0,1,0,0,4,55.0,2,3.0,0,6.1,2,3,1
R0170,B機構,F,86,0.0,148.6,45.6,20.7,B,0,1,1,1,6,75.0,1,7.0,1,8.5,3,7,1
R0171,B機構,F,74,7.0,152.3,40.7,17.5,A,1,1,0,0,2,60.0,6,5.0,2,,2,4,0
R0172,C機構,F,85,12.0,159.5,63.3,24.9,O,1,0,0,0,2,60.0,3,6.0,0,8.0,1,9,0
R0173,B機構,F,67,7.0,157.7,55.6,22.4,A,1,0,0,1,0,65.0,8,5.0,0,6.6,2,3,0
R0174,B機構,F,80,7.0,152.1,50.2,21.7,A,1,1,0,1,2,60.0,6,3.0,0,5.3,3,7,0
R0175,B機構,M,78,12.0,172.1,74.1,25.0,O,0,0,0,1,6,70.0,1,3.0,0,4.4,0,2,1
R0176,B機構,M,85,6.0,167.6,72.7,25.9,AB,1,0,0,1,4,100.0,2,5.0,2,6.7,3,3,1
R0177,C機構,M,75,15.0,168.3,66.1,23.3,A,0,1,0,1,2,70.0,3,5.0,0,7.8,5,7,1
R0178,A機構,F,79,4.0,137.3,43.4,23.0,A,0,0,0,1,1,50.0,3,5.0,0,6.1,1,2,0
R0179,B機構,F,77,12.0,159.2,63.5,25.1,B,0,1,1,0,3,75.0,3,3.0,1,6.0,7,5,0
R0180,B機構,M,74,2.0,160.3,48.0,18.7,O,1,0,0,0,2,95.0,5,7.0,0,6.2,0,5,0
R0181,C機構,F,89,0.0,148.9,57.6,26.0,O,1,0,0,1,5,80.0,5,4.0,0,7.2,3,4,0
R0182,B機構,M,81,13.0,166.3,59.3,21.4,O,0,0,0,0,4,35.0,1,4.0,0,6.2,2,4,0
R0183,C機構,F,74,11.0,156.2,59.9,24.6,A,1,0,0,0,1,85.0,5,6.0,1,6.8,3,4,0
R0184,A機構,F,80,9.0,152.3,51.5,22.2,A,0,0,0,0,2,100.0,6,10.0,0,8.7,2,2,0
R0185,B機構,F,88,12.0,145.8,50.9,23.9,A,0,0,0,0,1,70.0,4,6.0,1,7.8,5,7,0
R0186,C機構,M,71,4.0,172.6,72.0,24.2,O,1,0,0,0,0,70.0,2,6.0,0,6.2,1,7,0
R0187,C機構,M,78,13.0,161.4,53.3,20.5,A,1,0,1,1,2,80.0,0,2.0,0,7.4,2,4,0
R0188,C機構,F,77,6.0,156.0,64.3,26.4,B,0,1,0,0,3,55.0,1,3.0,0,7.4,4,3,0
R0189,A機構,F,89,7.0,156.2,54.5,22.3,AB,0,0,0,1,3,50.0,5,2.0,0,8.7,2,6,1
R0190,A機構,F,72,13.0,152.4,54.1,23.3,B,1,0,1,0,3,55.0,6,4.0,0,7.8,5,5,0
R0191,B機構,F,97,11.0,139.0,39.8,20.6,B,0,1,0,1,0,45.0,2,5.0,1,7.4,2,6,1
R0192,B機構,M,79,3.0,168.9,72.2,25.3,O,1,0,1,0,2,60.0,5,12.0,0,3.5,0,3,1
R0193,C機構,F,77,13.0,152.9,57.5,24.6,A,1,0,0,0,3,90.0,5,5.0,1,7.6,3,7,0
R0194,B機構,M,82,3.0,175.0,69.1,22.6,O,0,0,0,0,3,50.0,2,3.0,1,8.7,3,8,1
R0195,A機構,F,73,5.0,158.3,52.1,20.8,B,0,0,0,1,8,100.0,3,6.0,0,6.9,5,6,1
R0196,B機構,M,78,11.0,168.3,62.5,22.1,O,1,0,1,0,1,55.0,3,6.0,0,7.6,5,3,0
R0197,A機構,F,85,11.0,142.3,48.7,24.1,O,1,1,0,0,2,95.0,1,6.0,0,7.7,1,5,1
R0198,B機構,F,80,10.0,142.0,40.5,20.1,A,1,1,1,0,3,65.0,6,6.0,0,5.3,3,7,0
R0199,B機構,F,86,11.0,148.2,51.5,23.4,O,0,0,0,1,1,95.0,4,7.0,0,8.0,1,3,0
R0200,C機構,M,91,8.0,166.2,72.7,26.3,B,1,0,0,1,2,65.0,3,4.0,0,7.7,0,2,0
R0201,C機構,M,85,,149.2,56.8,25.5,AB,1,0,0,0,4,100.0,5,7.0,0,6.6,5,2,0
R0202,B機構,F,70,0.0,156.7,57.0,23.2,B,0,0,0,0,0,90.0,4,7.0,0,5.8,5,5,0
R0203,B機構,F,78,4.0,158.1,59.8,23.9,B,1,0,1,1,0,65.0,4,5.0,0,8.5,2,11,1
R0204,B機構,F,91,15.0,152.5,57.7,24.8,B,0,0,1,0,4,25.0,3,8.0,2,7.4,4,5,1
R0205,A機構,F,77,,148.4,51.8,23.5,O,0,0,0,0,0,75.0,8,2.0,0,6.5,4,0,0
R0206,B機構,F,71,8.0,155.1,63.3,26.3,A,1,0,0,0,6,30.0,5,3.0,1,6.5,1,4,1
R0207,A機構,F,83,8.0,152.6,44.2,19.0,A,1,0,0,0,2,80.0,6,4.0,1,7.7,4,8,0
R0208,A機構,F,72,,142.2,48.5,24.0,O,1,0,1,0,1,40.0,6,,0,6.8,4,3,0
R0209,B機構,M,89,13.0,160.6,63.4,24.6,O,1,0,1,1,1,50.0,5,6.0,1,5.1,3,4,0
R0210,B機構,F,88,6.0,147.4,54.9,25.3,O,1,0,0,0,2,55.0,4,7.0,0,7.0,1,5,0
R0211,C機構,F,74,7.0,147.8,39.7,18.2,A,0,1,0,0,3,0.0,6,6.0,1,7.6,2,5,1
R0212,C機構,F,85,,145.7,47.2,22.2,O,1,0,1,0,2,55.0,3,7.0,1,,1,3,0
R0213,C機構,F,87,8.0,146.8,53.2,24.7,A,0,0,0,0,1,65.0,5,5.0,0,7.5,1,1,0
R0214,B機構,F,85,17.0,145.7,57.2,26.9,O,0,0,1,0,5,55.0,3,5.0,2,9.7,1,4,1
R0215,C機構,F,77,16.0,148.9,56.6,25.5,AB,0,1,0,0,1,65.0,3,3.0,0,8.5,3,5,0
R0216,B機構,F,86,12.0,153.5,50.4,21.4,O,0,1,0,0,6,80.0,1,8.0,3,,1,5,1
R0217,B機構,F,89,3.0,160.5,52.5,20.4,B,1,0,0,1,9,65.0,0,6.0,0,6.1,5,5,1
R0218,B機構,F,76,8.0,159.5,41.5,16.3,A,1,0,0,0,2,100.0,3,4.0,0,8.5,2,5,0
R0219,C機構,F,81,8.0,151.7,56.3,24.5,A,0,1,0,0,6,85.0,3,6.0,0,6.9,2,2,0
R0220,C機構,M,81,17.0,170.4,88.8,30.6,O,1,0,0,0,1,60.0,5,4.0,0,9.3,4,4,0
R0221,B機構,M,88,12.0,165.2,56.4,20.7,A,1,0,0,1,2,70.0,5,9.0,0,7.6,4,4,0
R0222,B機構,F,85,5.0,160.6,77.3,30.0,O,1,0,0,1,2,50.0,5,6.0,0,5.7,4,8,0
R0223,B機構,F,86,15.0,157.4,50.4,20.3,A,1,0,1,1,0,40.0,2,3.0,4,5.9,4,2,0
R0224,C機構,F,75,3.0,149.4,49.4,22.1,A,0,0,0,0,1,60.0,6,7.0,0,8.7,4,6,1
R0225,B機構,F,89,12.0,141.4,47.0,23.5,O,0,0,0,0,4,100.0,2,,0,8.0,1,8,1
R0226,A機構,M,82,13.0,172.2,74.4,25.1,A,1,0,0,1,0,90.0,6,6.0,0,5.9,5,9,0
R0227,B機構,F,86,6.0,145.4,56.0,26.5,O,0,0,0,0,1,55.0,3,2.0,0,7.1,0,5,1
R0228,B機構,M,84,1.0,163.4,50.9,19.1,O,0,0,1,1,0,70.0,3,5.0,0,7.6,2,6,1
R0229,C機構,M,77,0.0,173.4,72.0,23.9,AB,1,1,0,0,4,65.0,3,,1,7.6,3,6,0
R0230,C機構,F,76,12.0,145.1,56.5,26.8,B,0,1,0,0,0,75.0,7,10.0,0,6.8,6,5,0
R0231,A機構,M,87,3.0,166.8,62.7,22.5,A,0,0,0,0,0,75.0,4,6.0,0,5.2,1,2,0
R0232,B機構,F,81,10.0,160.0,52.3,20.4,B,0,0,1,1,1,75.0,6,6.0,0,,5,4,0
R0233,C機構,M,76,8.0,159.5,58.8,23.1,O,1,1,0,1,4,40.0,6,4.0,1,6.3,3,4,0
R0234,C機構,F,77,12.0,156.5,66.4,27.1,A,0,0,0,1,6,60.0,2,5.0,3,4.7,2,1,1
R0235,B機構,F,73,,152.3,47.7,20.6,B,1,1,0,0,8,50.0,1,4.0,1,7.1,3,10,1
R0236,C機構,F,89,3.0,149.0,52.6,23.7,O,1,0,0,0,4,35.0,1,4.0,0,6.1,3,0,1
R0237,B機構,F,79,16.0,150.2,43.7,19.4,B,0,1,1,0,0,20.0,6,5.0,1,6.6,1,8,0
R0238,C機構,F,93,5.0,155.2,67.1,27.9,O,1,1,0,1,4,65.0,1,6.0,1,6.4,1,5,1
R0239,C機構,F,81,11.0,147.0,58.7,27.2,O,1,0,0,0,6,45.0,1,,0,5.2,0,2,1
R0240,B機構,M,81,0.0,161.0,67.5,26.0,B,1,1,0,1,7,80.0,3,6.0,0,6.3,3,5,1
R0241,A機構,F,73,6.0,152.0,46.2,20.0,O,0,1,0,0,2,90.0,4,5.0,2,4.5,7,4,0
R0242,A機構,F,82,7.0,150.1,44.0,19.5,B,1,0,0,0,1,100.0,4,4.0,2,7.8,0,5,0
R0243,C機構,F,71,4.0,148.7,45.6,20.6,O,0,1,0,0,0,95.0,6,5.0,2,5.8,2,5,0
R0244,C機構,F,75,17.0,147.5,46.5,21.4,AB,1,0,0,1,2,85.0,3,2.0,0,8.4,0,4,0
R0245,B機構,M,83,0.0,166.7,60.1,21.6,B,0,1,0,1,2,80.0,4,3.0,0,7.3,1,3,0
R0246,A機構,M,70,17.0,171.2,55.7,19.0,AB,1,0,0,0,6,70.0,0,9.0,0,9.1,0,7,1
R0247,A機構,M,84,17.0,160.5,61.1,23.7,B,0,1,0,0,4,100.0,3,11.0,0,8.1,2,5,0
R0248,A機構,M,85,13.0,170.7,73.0,25.1,A,0,0,0,0,5,15.0,2,5.0,1,10.6,1,2,1
R0249,C機構,F,73,15.0,155.6,51.0,21.1,O,1,1,1,1,0,55.0,8,8.0,1,7.5,2,9,0
R0250,C機構,M,82,4.0,162.2,69.0,26.2,B,0,0,0,1,2,85.0,4,3.0,0,6.2,4,9,0
R0251,A機構,F,69,5.0,159.3,66.3,26.1,A,1,0,0,0,3,70.0,4,4.0,0,4.0,2,8,1
R0252,C機構,F,95,15.0,146.3,53.1,24.8,AB,1,0,0,1,2,100.0,3,10.0,2,5.3,2,7,1
R0253,B機構,F,73,11.0,148.2,53.9,24.5,B,1,1,1,0,1,45.0,6,7.0,4,7.4,2,4,1
R0254,A機構,M,90,13.0,164.8,68.1,25.1,AB,0,0,0,0,0,45.0,4,4.0,1,6.9,3,3,0
R0255,A機構,M,83,7.0,166.2,60.6,21.9,A,0,1,0,0,1,60.0,1,3.0,2,10.2,0,5,1
R0256,C機構,F,78,5.0,153.9,65.0,27.4,B,0,0,0,0,2,70.0,6,2.0,0,7.4,2,2,0
R0257,A機構,F,83,6.0,154.8,49.9,20.8,O,1,0,1,0,6,65.0,3,2.0,0,5.8,4,7,1
R0258,A機構,F,88,9.0,160.0,65.7,25.7,O,1,0,0,0,3,65.0,7,5.0,1,9.2,3,3,1
R0259,A機構,F,77,0.0,158.0,67.7,27.1,O,0,0,1,1,5,15.0,3,5.0,0,5.2,3,11,1
R0260,A機構,F,85,9.0,152.3,55.1,23.8,B,1,1,0,1,3,65.0,4,3.0,0,7.6,3,4,0
R0261,B機構,F,71,13.0,140.8,48.9,24.7,O,1,0,0,1,7,60.0,0,5.0,1,10.2,7,3,1
R0262,B機構,F,87,7.0,154.2,51.3,21.6,B,1,1,1,0,6,55.0,2,,1,8.5,2,10,1
R0263,B機構,F,94,10.0,154.1,46.1,19.4,A,0,0,0,0,0,90.0,3,7.0,0,7.7,2,2,0
R0264,A機構,M,77,10.0,157.7,62.5,25.1,O,0,1,1,0,3,60.0,3,8.0,1,9.7,1,6,1
R0265,A機構,F,79,0.0,159.2,66.5,26.2,O,1,1,0,0,6,60.0,6,6.0,0,6.3,3,3,1
R0266,A機構,M,80,10.0,164.3,68.1,25.2,O,1,0,0,0,5,30.0,3,13.0,0,5.7,3,6,1
R0267,C機構,M,79,12.0,168.3,61.6,21.7,O,1,0,0,0,7,50.0,2,9.0,0,3.7,5,2,1
R0268,B機構,F,90,13.0,145.9,39.7,18.7,O,1,0,0,1,4,75.0,4,5.0,0,5.1,7,4,1
R0269,C機構,M,72,10.0,171.7,76.7,26.0,O,1,0,0,0,2,70.0,8,9.0,1,7.6,3,4,0
R0270,C機構,F,79,0.0,150.6,56.4,24.9,AB,1,0,0,0,6,60.0,4,3.0,0,5.0,3,7,0
R0271,A機構,F,80,8.0,157.8,65.5,26.3,A,1,0,0,0,1,60.0,4,8.0,1,5.7,4,3,0
R0272,B機構,M,74,7.0,174.9,99.4,32.5,O,1,0,1,0,3,100.0,2,6.0,0,8.7,2,8,1
R0273,A機構,M,76,6.0,163.8,59.7,22.3,B,0,0,1,1,1,80.0,4,4.0,1,6.0,2,6,0
R0274,B機構,F,79,8.0,147.2,49.3,22.8,O,0,0,0,1,1,90.0,2,5.0,1,7.5,2,6,0
R0275,C機構,F,80,17.0,162.9,55.6,21.0,A,1,0,0,0,4,60.0,4,5.0,0,,3,3,0
R0276,B機構,M,72,12.0,178.5,61.0,19.1,O,0,1,1,0,1,55.0,7,7.0,0,8.6,2,10,0
R0277,C機構,M,84,16.0,160.5,67.0,26.0,B,1,0,0,0,2,70.0,2,6.0,1,4.6,2,3,1
R0278,C機構,F,75,,145.4,52.3,24.7,A,1,0,0,0,2,65.0,6,9.0,0,8.6,1,3,0
R0279,C機構,M,75,6.0,158.8,61.1,24.2,A,0,0,0,0,0,60.0,4,2.0,0,8.5,2,3,0
R0280,C機構,F,76,8.0,166.6,68.3,24.6,O,0,1,0,0,2,70.0,8,2.0,0,8.7,2,5,0
R0281,B機構,M,78,16.0,164.7,47.5,17.5,O,0,0,1,0,5,55.0,3,5.0,2,6.3,3,4,1
R0282,A機構,F,87,6.0,151.0,54.6,23.9,A,1,0,0,0,2,75.0,5,9.0,0,7.3,1,7,0
R0283,B機構,M,77,15.0,165.7,65.4,23.8,O,1,0,0,0,3,100.0,7,1.0,0,8.3,0,5,0
R0284,C機構,F,73,7.0,148.9,58.8,26.5,O,0,0,1,0,6,55.0,3,,0,6.2,2,7,1
R0285,A機構,M,81,6.0,163.2,55.0,20.7,O,1,0,0,0,4,90.0,3,3.0,0,7.5,4,0,0
R0286,B機構,F,85,5.0,154.4,65.0,27.3,A,1,0,0,1,3,35.0,1,7.0,1,7.6,1,6,1
R0287,C機構,F,91,10.0,145.7,56.4,26.6,O,0,0,0,0,2,90.0,3,5.0,0,8.4,1,5,0
R0288,C機構,F,92,13.0,149.0,37.5,16.9,B,1,1,0,0,1,60.0,4,3.0,1,7.4,5,11,0
R0289,A機構,F,80,16.0,154.4,67.6,28.4,O,0,0,0,0,3,40.0,0,7.0,1,,2,7,1
R0290,C機構,M,96,9.0,156.8,54.7,22.2,O,1,0,0,0,6,65.0,2,5.0,0,9.0,2,6,1
R0291,A機構,F,88,0.0,151.7,55.2,24.0,O,1,1,0,0,6,45.0,2,7.0,0,6.5,1,7,1
R0292,B機構,M,73,9.0,173.7,80.6,26.7,O,0,0,1,1,2,65.0,6,5.0,1,6.9,1,1,0
R0293,C機構,M,84,11.0,162.7,75.5,28.5,A,1,0,1,1,3,60.0,7,3.0,0,7.4,4,1,0
R0294,A機構,F,77,5.0,155.9,53.2,21.9,O,1,0,0,1,1,100.0,4,7.0,0,5.8,4,3,0
R0295,B機構,M,99,17.0,169.3,68.6,23.9,O,0,0,0,1,4,95.0,4,8.0,0,5.5,2,2,1
R0296,B機構,M,79,17.0,158.6,59.0,23.5,O,0,0,0,0,4,65.0,8,6.0,0,5.7,3,3,0
R0297,B機構,F,78,11.0,148.8,52.3,23.6,O,1,1,0,1,4,95.0,3,5.0,0,7.6,3,7,1
R0298,A機構,M,80,5.0,165.2,62.9,23.0,B,1,0,0,1,5,30.0,1,5.0,0,7.9,1,4,1
R0299,C機構,M,76,,158.1,44.9,18.0,A,0,0,0,1,0,90.0,3,6.0,1,7.6,1,7,0
R0300,B機構,M,76,10.0,159.8,56.3,22.0,AB,0,1,0,0,0,80.0,4,5.0,0,5.5,1,1,0
R0301,A機構,F,70,8.0,135.2,34.7,19.0,A,1,0,0,1,1,90.0,7,3.0,1,4.4,5,4,0
R0302,A機構,M,86,11.0,161.0,55.9,21.6,B,1,0,0,0,7,55.0,5,7.0,0,8.9,2,8,1
R0303,A機構,F,81,9.0,156.4,45.4,18.6,O,0,0,0,0,6,100.0,3,5.0,1,4.0,4,3,1
R0304,C機構,M,79,5.0,164.8,56.6,20.8,O,1,0,0,0,0,100.0,4,8.0,1,7.5,2,4,0
R0305,B機構,M,76,9.0,159.8,63.9,25.0,B,1,1,1,0,1,65.0,5,,1,,2,7,0
R0306,C機構,M,84,13.0,161.8,50.3,19.2,O,0,0,0,0,5,75.0,4,3.0,0,9.4,1,3,0
R0307,B機構,M,92,16.0,170.9,60.0,20.5,A,0,1,0,1,2,65.0,5,6.0,1,5.8,1,1,0
R0308,A機構,M,71,2.0,174.4,74.9,24.6,A,1,1,0,0,1,15.0,2,7.0,0,9.2,2,8,1
R0309,C機構,F,85,0.0,158.0,69.7,27.9,B,1,0,1,1,7,65.0,2,,4,8.9,1,5,1
R0310,A機構,F,80,9.0,146.7,42.8,19.9,O,1,0,0,1,7,60.0,5,3.0,1,8.1,2,2,1
R0311,C機構,M,78,3.0,160.4,58.1,22.6,O,1,1,0,0,2,100.0,5,4.0,0,7.1,2,5,0
R0312,A機構,M,96,1.0,155.4,55.1,22.8,O,0,1,0,0,2,80.0,8,7.0,0,6.4,4,4,0
R0313,B機構,F,81,10.0,156.1,57.3,23.5,AB,1,0,0,1,3,75.0,5,3.0,2,9.9,2,1,1
R0314,A機構,F,73,15.0,152.0,55.1,23.8,B,0,0,1,0,3,55.0,1,3.0,3,9.1,1,3,1
R0315,A機構,F,82,6.0,140.6,46.4,23.5,O,1,0,0,0,3,90.0,5,4.0,1,7.6,2,6,0
R0316,B機構,F,75,6.0,149.6,48.6,21.7,A,0,0,0,0,5,90.0,3,5.0,0,6.2,2,6,1
R0317,A機構,F,78,9.0,166.6,80.7,29.1,A,0,0,0,0,2,95.0,8,5.0,0,7.7,3,6,0
R0318,A機構,F,69,4.0,139.1,37.3,19.3,A,0,1,1,0,1,75.0,6,3.0,1,7.1,4,4,0
R0319,B機構,M,80,8.0,169.9,67.7,23.5,O,1,0,1,1,5,55.0,5,10.0,0,5.9,5,6,0
R0320,A機構,F,79,17.0,144.0,60.1,29.0,O,0,0,0,0,4,80.0,3,,0,6.2,5,3,0
R0321,A機構,M,81,15.0,158.6,70.3,27.9,O,0,0,0,0,0,100.0,4,1.0,0,6.6,5,4,0
R0322,B機構,F,88,6.0,162.7,68.8,26.0,B,1,0,0,0,2,95.0,4,10.0,0,9.4,2,7,1
R0323,A機構,M,78,7.0,158.7,52.7,20.9,O,0,0,0,0,1,85.0,6,6.0,0,7.5,3,3,0
R0324,B機構,F,91,9.0,144.5,54.6,26.1,O,0,0,0,1,6,65.0,3,6.0,2,5.9,4,0,1
R0325,B機構,F,65,7.0,146.2,43.7,20.4,B,1,0,0,0,3,100.0,4,8.0,0,8.8,5,5,0
R0326,B機構,F,87,9.0,149.9,50.7,22.6,O,1,0,0,0,3,75.0,4,11.0,1,7.0,1,4,0
R0327,C機構,F,80,9.0,149.2,59.7,26.8,B,0,0,0,0,4,60.0,1,4.0,0,9.9,1,3,1
R0328,C機構,F,73,7.0,147.8,42.3,19.4,A,0,0,0,0,0,100.0,8,3.0,1,5.7,1,5,0
R0329,B機構,M,73,0.0,161.6,65.0,24.9,A,1,1,0,0,7,75.0,0,4.0,1,5.9,2,7,1
R0330,B機構,M,93,5.0,161.1,54.4,21.0,B,0,0,0,1,1,90.0,5,10.0,0,7.3,2,6,0
R0331,C機構,F,73,3.0,151.2,58.3,25.5,B,0,0,0,0,1,55.0,6,7.0,0,5.8,0,8,0
R0332,B機構,F,85,8.0,157.4,59.7,24.1,O,1,0,1,0,2,60.0,5,6.0,2,5.4,2,5,0
R0333,A機構,M,78,5.0,160.5,59.6,23.1,O,0,0,1,1,7,35.0,0,7.0,0,5.0,1,2,1
R0334,A機構,F,79,13.0,147.8,47.1,21.6,A,1,1,0,0,1,50.0,7,2.0,0,8.3,3,10,0
R0335,A機構,F,72,13.0,152.7,44.1,18.9,O,0,1,0,0,10,60.0,3,5.0,1,,2,6,1
R0336,A機構,M,74,9.0,175.9,73.9,23.9,A,0,0,0,0,2,95.0,4,3.0,0,5.3,1,3,0
R0337,A機構,F,79,15.0,151.0,65.0,28.5,A,1,0,0,0,2,75.0,5,6.0,1,7.5,0,7,0
R0338,A機構,F,77,13.0,144.8,53.5,25.5,O,1,0,0,0,1,55.0,1,5.0,0,7.2,2,4,0
R0339,A機構,F,86,2.0,142.2,40.9,20.2,A,0,1,1,1,7,95.0,2,5.0,0,7.8,1,8,1
R0340,B機構,F,90,13.0,144.5,39.0,18.7,O,0,0,0,0,1,85.0,4,2.0,0,6.9,1,3,0
R0341,A機構,F,83,15.0,162.1,67.6,25.7,O,1,0,0,0,4,80.0,5,7.0,0,8.0,2,3,0
R0342,B機構,F,80,17.0,157.8,62.2,25.0,O,0,0,0,0,1,90.0,6,6.0,0,7.3,5,0,0
R0343,C機構,M,86,10.0,166.8,77.3,27.8,A,0,1,0,0,1,75.0,5,2.0,0,6.5,2,8,0
R0344,B機構,F,69,9.0,151.0,66.9,29.3,O,0,1,0,0,1,70.0,4,9.0,0,6.4,5,3,0
R0345,A機構,F,79,,157.9,62.2,24.9,B,1,1,0,0,2,65.0,7,,0,7.4,2,4,0
R0346,B機構,M,85,13.0,162.0,51.9,19.8,A,0,1,0,1,1,70.0,4,4.0,0,6.3,1,3,0
R0347,A機構,M,84,9.0,167.2,72.2,25.8,B,0,0,0,0,3,75.0,3,,0,6.1,5,2,0
R0348,A機構,F,88,5.0,147.0,51.3,23.7,B,1,0,1,0,6,40.0,4,10.0,1,7.9,1,5,1
R0349,C機構,M,91,11.0,164.4,44.3,16.4,AB,1,1,0,1,3,100.0,3,0.0,0,8.3,4,8,0
R0350,A機構,F,75,,142.9,55.3,27.1,O,1,0,0,0,5,100.0,3,2.0,0,6.1,4,8,0
R0351,A機構,F,91,8.0,141.6,44.0,21.9,A,0,0,0,1,3,55.0,4,6.0,0,7.5,2,3,1
R0352,A機構,F,98,7.0,148.3,47.4,21.6,O,0,0,1,0,4,100.0,1,6.0,1,8.2,3,1,1
R0353,C機構,F,81,10.0,147.5,44.1,20.3,B,1,0,0,0,0,100.0,6,4.0,1,6.5,4,4,0
R0354,A機構,F,90,2.0,155.4,42.3,17.5,A,1,0,0,1,4,55.0,5,6.0,1,8.2,3,5,0
R0355,C機構,M,82,2.0,160.6,64.4,25.0,A,0,0,0,0,0,85.0,2,6.0,0,7.6,4,6,0
R0356,A機構,M,87,11.0,168.2,48.1,17.0,B,1,0,0,1,0,65.0,2,1.0,1,7.0,3,6,0
R0357,A機構,F,90,12.0,154.6,67.4,28.2,O,1,1,0,0,5,60.0,1,6.0,0,6.5,1,3,1
R0358,C機構,F,81,5.0,153.1,64.2,27.4,AB,1,0,0,0,5,65.0,4,8.0,0,7.6,3,7,1
R0359,C機構,M,82,16.0,160.8,66.2,25.6,B,1,0,0,0,0,85.0,5,5.0,1,5.1,2,4,0
R0360,B機構,F,83,13.0,156.7,56.4,23.0,A,1,0,0,1,2,65.0,5,2.0,0,9.3,4,5,1
R0361,A機構,F,73,17.0,151.8,52.3,22.7,B,0,0,0,0,0,75.0,4,5.0,0,8.1,2,5,0
R0362,A機構,F,83,17.0,159.3,47.2,18.6,B,1,0,0,0,5,80.0,4,8.0,0,7.0,1,3,0
R0363,B機構,F,65,5.0,157.9,56.7,22.7,B,1,0,0,1,0,75.0,6,,0,6.3,2,5,0
R0364,A機構,F,77,5.0,148.7,34.7,15.7,O,1,1,0,1,7,15.0,2,2.0,1,9.0,3,1,1
R0365,A機構,M,71,6.0,163.1,53.4,20.1,A,0,0,1,1,3,45.0,2,3.0,2,5.7,4,6,1
R0366,C機構,M,65,17.0,162.4,55.2,20.9,O,1,1,0,0,4,80.0,7,4.0,0,7.1,0,6,0
R0367,A機構,M,89,10.0,176.7,57.9,18.5,AB,0,1,0,0,7,30.0,3,6.0,1,8.7,1,8,1
R0368,A機構,F,84,8.0,147.1,50.4,23.3,A,1,1,0,0,7,100.0,0,7.0,1,4.1,3,1,1
R0369,A機構,F,75,9.0,157.1,50.6,20.5,O,0,1,1,0,2,100.0,5,7.0,1,7.5,4,6,0
R0370,A機構,M,82,5.0,166.1,62.7,22.7,O,0,0,0,1,3,55.0,4,2.0,0,6.5,1,3,0
R0371,B機構,F,79,,149.9,40.7,18.1,A,0,0,1,0,2,30.0,4,6.0,2,5.3,3,12,0
R0372,B機構,M,85,17.0,164.9,40.8,15.0,AB,1,0,0,0,2,90.0,5,5.0,0,6.6,2,4,0
R0373,B機構,M,85,15.0,157.7,51.9,20.9,A,0,0,0,0,2,100.0,4,3.0,0,7.5,3,2,0
R0374,B機構,M,85,0.0,180.1,74.2,22.9,O,1,0,1,0,4,45.0,3,2.0,1,6.1,2,9,1
R0375,A機構,F,75,6.0,142.1,55.4,27.4,O,0,1,0,0,5,100.0,6,,0,7.3,2,4,0
R0376,B機構,F,72,17.0,157.1,59.9,24.3,A,0,0,0,0,0,65.0,4,4.0,0,8.1,0,2,0
R0377,A機構,F,81,5.0,150.5,35.6,15.7,O,1,0,0,0,2,90.0,1,6.0,0,6.5,3,4,0
R0378,A機構,F,82,1.0,154.7,47.3,19.8,O,0,0,0,0,3,100.0,4,5.0,1,8.2,0,7,0
R0379,B機構,M,81,10.0,170.0,44.9,15.5,B,1,0,0,0,2,85.0,4,8.0,1,7.0,4,6,0
R0380,B機構,F,72,6.0,143.6,54.4,26.4,AB,1,0,0,0,0,70.0,8,6.0,0,7.9,5,5,0
R0381,B機構,M,87,6.0,165.2,56.4,20.7,B,0,0,0,0,7,0.0,2,9.0,1,7.0,0,7,1
R0382,A機構,F,86,,153.3,54.6,23.2,A,0,0,0,1,5,75.0,6,6.0,0,8.6,4,1,1
R0383,B機構,M,78,10.0,158.7,61.8,24.5,B,1,0,0,0,1,85.0,5,5.0,0,6.2,2,7,0
R0384,A機構,M,80,1.0,177.3,79.8,25.4,B,0,0,0,1,5,50.0,0,4.0,1,8.1,4,8,1
R0385,C機構,F,68,9.0,152.1,46.4,20.1,A,1,0,0,1,1,95.0,5,3.0,0,7.2,3,6,0
R0386,B機構,F,65,8.0,144.1,50.6,24.4,B,1,0,1,0,1,70.0,3,5.0,0,8.5,2,7,0
R0387,A機構,F,85,13.0,147.4,55.1,25.4,O,1,1,0,1,4,55.0,4,,1,8.3,1,4,1
R0388,B機構,M,75,12.0,163.3,54.0,20.2,B,0,1,0,0,3,90.0,2,7.0,0,6.3,2,3,0
R0389,A機構,F,78,,152.8,35.0,15.0,A,0,0,0,0,2,80.0,6,3.0,0,6.9,0,2,0
R0390,A機構,F,77,7.0,160.9,50.7,19.6,O,0,1,0,0,0,65.0,2,8.0,1,5.4,0,4,0
R0391,A機構,F,85,13.0,155.0,59.6,24.8,A,1,1,0,0,7,80.0,1,7.0,0,7.2,0,8,1
R0392,C機構,F,89,10.0,152.6,52.9,22.7,B,0,0,0,0,6,50.0,1,4.0,1,9.8,2,5,1
R0393,B機構,F,80,8.0,151.4,50.3,21.9,A,0,1,0,0,6,80.0,4,5.0,0,7.3,1,10,0
R0394,B機構,F,72,3.0,155.8,51.5,21.2,O,0,0,0,0,0,90.0,7,5.0,0,7.8,1,3,0
R0395,C機構,M,66,7.0,168.6,77.5,27.3,A,0,0,1,0,2,85.0,3,4.0,3,7.0,0,5,1
R0396,C機構,M,71,,173.9,79.0,26.1,O,0,0,0,0,2,100.0,3,6.0,0,9.1,6,1,0
R0397,C機構,M,86,5.0,168.6,51.4,18.1,O,1,1,1,0,5,55.0,2,3.0,2,7.0,2,12,1
R0398,A機構,M,78,6.0,157.3,51.4,20.8,A,1,0,0,0,5,100.0,0,7.0,1,7.6,3,4,0
R0399,A機構,M,82,8.0,151.2,60.2,26.3,AB,0,1,0,0,4,45.0,4,5.0,1,9.3,2,3,1
R0400,B機構,M,81,6.0,152.7,52.8,22.6,O,1,1,0,0,4,80.0,4,7.0,0,7.0,2,13,1
R0401,A機構,F,86,11.0,149.1,47.1,21.2,O,1,0,0,0,6,70.0,5,6.0,0,7.1,3,3,0
R0402,B機構,M,82,7.0,152.8,47.0,20.1,O,0,0,0,0,2,75.0,3,7.0,1,6.5,2,3,0
R0403,B機構,M,85,8.0,171.5,66.0,22.4,A,0,0,0,1,0,55.0,7,5.0,1,5.4,4,4,0
R0404,B機構,M,86,8.0,154.6,36.8,15.4,O,0,0,0,0,0,85.0,4,,0,8.0,3,2,0
R0405,A機構,F,81,10.0,145.3,50.8,24.1,O,1,0,0,1,2,75.0,3,3.0,0,8.0,3,6,1
R0406,A機構,F,82,7.0,154.2,53.4,22.5,B,1,0,0,0,0,100.0,5,2.0,0,4.4,1,3,0
R0407,C機構,M,75,5.0,155.3,52.6,21.8,AB,1,0,0,0,0,55.0,4,,2,9.0,1,5,1
R0408,B機構,F,79,17.0,152.0,53.1,23.0,O,1,0,0,1,1,60.0,4,8.0,1,6.4,5,3,0
R0409,B機構,F,85,0.0,156.8,49.9,20.3,B,0,0,0,0,4,75.0,5,4.0,2,5.0,2,7,1
R0410,C機構,F,66,12.0,150.2,45.2,20.0,O,0,1,0,0,2,70.0,5,2.0,0,5.0,3,3,0
R0411,C機構,M,86,0.0,162.3,52.9,20.1,B,1,0,0,0,8,0.0,2,6.0,1,6.2,1,7,1
R0412,A機構,M,87,11.0,165.3,49.1,18.0,B,0,0,1,0,4,75.0,0,0.0,2,4.8,4,9,1
R0413,A機構,M,75,10.0,166.7,64.5,23.2,AB,0,1,1,0,3,70.0,7,3.0,1,8.1,1,7,0
R0414,A機構,F,76,17.0,139.8,39.9,20.4,AB,1,0,1,0,4,55.0,2,2.0,0,8.3,0,4,0
R0415,A機構,F,77,12.0,140.9,48.6,24.5,O,1,0,0,0,1,95.0,6,8.0,0,9.5,5,3,0
R0416,B機構,F,79,8.0,158.2,53.6,21.4,O,1,0,0,0,0,95.0,4,5.0,2,5.3,0,7,0
R0417,C機構,M,80,5.0,168.1,51.5,18.2,O,0,0,0,0,3,50.0,3,4.0,1,7.7,3,7,0
R0418,A機構,F,82,13.0,150.4,59.7,26.4,O,0,0,1,1,1,50.0,2,6.0,0,,4,5,0
R0419,A機構,M,75,8.0,160.3,60.0,23.3,O,0,0,0,0,3,100.0,4,3.0,0,4.6,3,2,0
R0420,B機構,M,81,9.0,174.7,88.0,28.8,B,1,1,0,1,3,55.0,0,2.0,0,6.1,2,10,0
R0421,B機構,F,93,3.0,145.2,42.7,20.3,A,1,0,0,1,3,90.0,4,4.0,1,7.4,2,5,1
R0422,A機構,F,73,0.0,149.1,62.1,27.9,B,0,0,0,0,6,75.0,3,3.0,0,8.5,2,5,1
R0423,B機構,M,93,13.0,170.7,56.3,19.3,A,0,0,0,1,4,45.0,3,5.0,0,8.5,2,2,1
R0424,C機構,F,78,10.0,145.2,54.1,25.7,A,1,0,0,0,1,70.0,2,6.0,0,7.8,4,9,0
R0425,B機構,F,87,15.0,151.6,52.4,22.8,B,0,0,0,0,4,85.0,5,3.0,0,6.8,3,4,0
R0426,A機構,F,89,8.0,145.4,49.6,23.5,O,0,0,0,0,5,60.0,2,8.0,0,9.4,2,5,1
R0427,B機構,F,87,1.0,159.0,54.3,21.5,AB,1,1,0,0,4,45.0,3,4.0,0,8.7,2,5,1
R0428,B機構,F,92,4.0,151.9,50.6,21.9,B,0,0,1,0,5,30.0,2,5.0,0,6.9,3,4,1
R0429,B機構,M,87,17.0,175.8,77.5,25.1,A,0,0,1,0,9,60.0,4,5.0,0,8.2,1,3,1
R0430,A機構,F,79,11.0,153.7,54.0,22.9,O,0,0,0,0,2,95.0,4,3.0,0,8.1,1,0,0
R0431,A機構,F,77,6.0,150.5,49.0,21.6,O,1,1,1,1,8,35.0,1,5.0,0,5.7,3,7,1
R0432,B機構,F,80,12.0,152.9,67.5,28.9,AB,0,0,0,1,1,100.0,6,7.0,0,6.2,2,7,0
R0433,B機構,F,89,15.0,156.2,72.0,29.5,A,1,0,0,0,3,65.0,4,7.0,0,6.4,3,5,0
R0434,B機構,F,76,0.0,142.2,53.4,26.4,O,0,0,0,0,4,75.0,4,11.0,1,7.5,4,3,0
R0435,A機構,M,72,7.0,161.5,67.2,25.8,A,1,1,1,0,2,65.0,6,5.0,2,8.2,3,9,0
R0436,A機構,F,87,10.0,148.0,46.9,21.4,O,1,0,0,1,4,80.0,4,4.0,1,,3,3,0
R0437,C機構,F,85,13.0,159.5,38.2,15.0,O,0,0,1,0,2,60.0,5,2.0,0,8.4,1,5,0
R0438,B機構,F,76,7.0,148.8,59.1,26.7,AB,0,0,0,0,4,100.0,6,6.0,0,4.8,6,2,0
R0439,B機構,M,87,16.0,159.5,63.3,24.9,B,1,0,0,1,7,80.0,0,5.0,1,,3,3,0
R0440,B機構,F,82,,160.0,61.2,23.9,O,1,1,0,0,2,55.0,8,6.0,0,8.1,2,10,0
R0441,A機構,M,86,15.0,172.2,54.8,18.5,O,1,0,1,1,5,50.0,0,2.0,2,8.2,1,3,1
R0442,C機構,F,78,,141.6,44.9,22.4,O,1,0,0,0,3,50.0,4,4.0,0,9.9,4,5,1
R0443,B機構,F,72,8.0,151.5,46.1,20.1,O,1,0,0,1,0,60.0,4,8.0,1,8.3,3,6,0
R0444,A機構,F,80,10.0,143.3,50.0,24.3,O,1,0,0,0,0,65.0,4,5.0,0,5.7,4,4,0
R0445,C機構,F,97,11.0,157.1,50.0,20.3,A,0,0,0,1,5,45.0,4,3.0,2,7.5,0,4,1
R0446,A機構,M,77,17.0,164.9,46.8,17.2,B,1,0,0,0,0,80.0,1,1.0,1,8.2,1,7,1
R0447,B機構,F,85,4.0,170.1,57.9,20.0,A,0,1,1,0,3,85.0,2,7.0,1,9.9,3,3,1
R0448,A機構,F,75,13.0,154.6,70.3,29.4,O,1,0,0,0,7,55.0,5,4.0,0,4.6,3,4,1
R0449,B機構,M,85,17.0,164.5,63.5,23.5,A,1,0,0,0,0,85.0,5,2.0,1,6.5,4,4,0
R0450,A機構,F,82,6.0,156.3,53.2,21.8,O,1,1,0,0,2,50.0,7,6.0,1,7.6,2,4,0
R0451,A機構,F,82,12.0,154.5,48.3,20.2,A,0,0,1,0,7,65.0,4,,1,9.6,4,4,1
R0452,B機構,F,82,2.0,155.3,65.4,27.1,A,1,0,0,0,5,50.0,3,5.0,0,7.3,7,3,1
R0453,B機構,F,82,8.0,153.3,65.9,28.0,A,1,0,0,1,3,20.0,0,8.0,1,8.3,2,3,1
R0454,A機構,F,80,4.0,147.2,50.4,23.3,B,0,0,0,0,1,45.0,7,4.0,0,6.4,1,2,0
R0455,C機構,F,84,7.0,155.3,44.7,18.5,O,0,1,0,1,6,20.0,5,3.0,0,9.6,1,5,1
R0456,A機構,F,74,8.0,148.6,48.0,21.7,O,1,0,0,0,7,80.0,2,2.0,2,7.7,3,4,1
R0457,C機構,F,69,10.0,143.7,51.2,24.8,O,1,0,1,0,2,55.0,4,6.0,2,6.3,1,3,1
R0458,A機構,M,80,5.0,166.5,52.4,18.9,O,1,1,0,0,4,60.0,0,4.0,0,5.3,1,4,1
R0459,C機構,F,75,11.0,151.4,57.2,25.0,O,0,1,0,0,5,15.0,2,9.0,1,6.5,5,8,1
R0460,A機構,F,91,10.0,152.2,72.2,31.2,B,0,0,0,1,5,45.0,3,5.0,1,6.8,2,3,1
R0461,C機構,F,72,11.0,144.9,48.5,23.1,O,0,0,0,0,2,100.0,3,4.0,1,10.4,3,5,0
R0462,C機構,F,84,8.0,143.8,56.1,27.1,A,0,0,0,0,1,95.0,7,6.0,1,7.6,1,1,0
R0463,A機構,F,76,7.0,154.7,57.2,23.9,O,1,0,0,0,4,35.0,0,5.0,0,8.2,3,6,1
R0464,B機構,F,73,0.0,153.9,49.1,20.7,A,0,1,0,1,0,85.0,8,3.0,0,7.5,1,4,0
R0465,A機構,M,81,7.0,161.5,49.7,19.1,A,1,0,0,1,2,40.0,3,3.0,0,7.3,1,4,0
R0466,A機構,M,81,8.0,161.6,47.9,18.3,O,0,1,0,1,1,70.0,5,6.0,1,,3,3,1
R0467,A機構,F,96,3.0,149.8,52.4,23.4,A,0,0,0,0,3,75.0,6,5.0,0,8.0,3,2,0
R0468,A機構,F,67,8.0,148.6,49.5,22.4,O,0,0,0,0,1,75.0,3,7.0,1,6.1,4,5,0
R0469,B機構,F,79,13.0,142.8,48.0,23.5,O,1,1,0,0,0,40.0,2,7.0,0,,2,7,1
R0470,C機構,F,81,1.0,150.8,60.9,26.8,O,1,1,0,0,0,55.0,4,,0,9.4,4,9,1
R0471,B機構,F,73,11.0,162.8,42.3,16.0,A,0,0,1,0,2,60.0,3,5.0,0,8.6,4,2,0
R0472,A機構,M,91,4.0,165.9,66.0,24.0,A,1,0,0,1,3,95.0,5,3.0,0,6.0,2,3,0
R0473,A機構,M,73,1.0,165.1,46.4,17.0,O,0,0,0,0,2,55.0,7,7.0,2,7.3,1,3,0
R0474,C機構,F,83,9.0,151.6,42.0,18.3,B,0,0,1,1,0,100.0,1,7.0,0,7.7,2,5,1
R0475,A機構,F,69,3.0,142.8,30.6,15.0,A,0,1,1,0,4,70.0,2,5.0,3,6.6,2,10,1
R0476,C機構,F,73,15.0,151.1,43.5,19.1,AB,1,0,0,0,5,100.0,4,7.0,0,4.9,5,4,0
R0477,C機構,F,95,13.0,151.0,53.7,23.6,B,0,1,0,1,3,65.0,4,3.0,0,8.1,1,3,1
R0478,B機構,F,84,5.0,154.7,69.8,29.2,A,0,0,0,0,3,100.0,3,5.0,0,5.4,6,4,0
R0479,B機構,M,92,5.0,171.5,77.3,26.3,A,1,1,0,0,5,70.0,3,3.0,0,7.3,3,5,0
R0480,A機構,F,83,6.0,148.1,67.8,30.9,AB,1,0,0,0,5,60.0,6,1.0,0,8.2,4,2,0
R0481,A機構,F,75,8.0,154.3,43.0,18.1,O,1,1,0,1,3,70.0,4,3.0,0,5.5,1,6,0
R0482,A機構,M,74,10.0,168.9,60.2,21.1,O,0,1,0,0,8,95.0,2,,1,6.6,3,6,1
R0483,B機構,M,100,8.0,167.0,56.7,20.3,O,1,1,0,0,6,70.0,0,,0,7.2,1,4,0
R0484,A機構,M,73,5.0,165.5,62.2,22.7,O,0,0,1,1,5,45.0,7,4.0,0,7.1,3,5,1
R0485,A機構,F,83,,144.6,44.9,21.5,O,0,0,0,0,4,100.0,5,5.0,0,6.8,3,1,0
R0486,C機構,M,76,5.0,167.8,56.5,20.1,B,0,0,0,0,0,70.0,4,5.0,0,6.0,4,7,0
R0487,B機構,F,93,10.0,155.0,46.4,19.3,B,0,0,0,1,5,10.0,6,8.0,1,5.7,3,3,1
R0488,A機構,M,79,9.0,155.4,58.2,24.1,B,0,0,0,0,0,60.0,7,8.0,0,6.2,4,5,0
R0489,A機構,M,85,9.0,163.1,51.1,19.2,B,0,1,0,1,8,70.0,3,7.0,3,10.2,1,5,1
R0490,B機構,F,66,8.0,155.4,59.1,24.5,A,0,0,0,0,6,55.0,0,6.0,0,8.1,2,6,1
R0491,C機構,F,67,11.0,146.8,51.1,23.7,B,1,1,1,0,3,100.0,8,5.0,0,10.6,3,4,0
R0492,C機構,M,86,10.0,166.4,50.1,18.1,O,1,0,0,0,3,40.0,4,4.0,0,7.5,3,5,0
R0493,B機構,M,83,8.0,162.3,53.4,20.3,A,1,0,1,1,3,45.0,1,5.0,1,7.7,2,9,0
R0494,B機構,M,77,,173.1,70.9,23.7,O,1,0,0,0,3,100.0,4,3.0,1,5.8,3,7,0
R0495,B機構,M,89,3.0,169.2,63.1,22.0,O,1,0,0,0,4,75.0,3,,2,7.4,2,3,1
R0496,A機構,M,95,13.0,166.0,56.9,20.6,O,1,0,0,1,2,50.0,6,5.0,0,5.9,3,6,1
R0497,C機構,F,90,5.0,153.7,46.1,19.5,O,1,0,0,0,3,95.0,5,6.0,0,5.8,1,5,0
R0498,A機構,F,73,5.0,146.5,52.2,24.3,B,0,1,1,0,3,80.0,4,3.0,0,7.4,4,7,0
R0499,C機構,F,85,12.0,148.2,56.1,25.5,AB,0,0,1,0,2,95.0,3,6.0,1,5.0,4,6,1
R0500,B機構,M,77,10.0,149.6,44.3,19.8,A,1,1,0,0,0,75.0,1,7.0,0,5.6,1,4,0
R0501,B機構,M,81,2.0,161.3,63.5,24.4,A,0,1,0,0,2,95.0,4,3.0,0,6.1,2,3,0
R0502,B機構,F,86,9.0,141.5,39.0,19.5,O,1,0,0,0,0,95.0,5,11.0,0,8.0,4,4,0
R0503,B機構,F,91,2.0,146.3,49.0,22.9,A,1,0,0,1,3,55.0,3,5.0,1,6.1,2,2,0
R0504,C機構,F,78,9.0,151.1,46.7,20.5,O,0,1,0,1,1,100.0,6,5.0,0,8.6,1,6,0
R0505,A機構,M,78,5.0,168.6,58.6,20.6,O,1,1,0,0,6,15.0,5,6.0,1,8.6,5,8,1
R0506,B機構,M,86,8.0,173.2,70.0,23.3,O,1,0,0,0,3,40.0,1,6.0,1,6.9,0,6,1
R0507,B機構,M,81,8.0,179.8,81.7,25.3,O,0,0,1,0,3,55.0,1,9.0,1,6.1,6,4,1
R0508,A機構,M,82,12.0,153.9,62.0,26.2,O,0,1,0,0,0,75.0,2,5.0,2,8.7,2,6,0
R0509,A機構,F,80,2.0,147.4,44.5,20.5,B,1,1,1,1,1,20.0,6,10.0,1,9.3,2,5,1
R0510,C機構,M,75,0.0,153.6,54.8,23.2,B,1,1,0,1,6,70.0,0,3.0,0,11.3,2,7,1
R0511,B機構,F,71,1.0,150.4,58.0,25.6,A,0,0,0,0,2,85.0,6,5.0,1,5.0,3,5,0
R0512,A機構,F,70,3.0,145.7,50.2,23.6,O,1,0,1,0,0,65.0,4,6.0,0,7.2,4,6,0
R0513,C機構,M,74,13.0,163.3,51.0,19.1,AB,0,1,0,0,2,100.0,8,8.0,0,6.2,1,4,0
R0514,B機構,F,96,6.0,149.3,64.9,29.1,B,0,1,0,1,6,45.0,3,4.0,1,6.2,3,5,0
R0515,C機構,F,83,6.0,154.3,48.7,20.5,O,1,0,0,1,0,65.0,5,2.0,0,7.4,7,12,0
R0516,B機構,F,101,9.0,159.3,60.8,24.0,B,1,0,0,0,1,65.0,4,,1,6.8,2,3,0
R0517,C機構,F,88,11.0,150.8,45.6,20.1,O,1,1,0,0,8,70.0,5,4.0,1,3.9,3,6,1
R0518,A機構,M,79,,160.0,57.7,22.5,O,1,0,0,0,2,85.0,8,4.0,1,7.7,1,3,0
R0519,B機構,F,71,4.0,156.8,47.1,19.2,O,0,1,0,0,5,85.0,5,6.0,1,7.1,2,6,0
R0520,C機構,M,73,13.0,171.4,80.5,27.4,B,1,0,0,0,0,80.0,4,10.0,0,6.5,2,7,0
R0521,B機構,M,73,11.0,144.5,45.7,21.9,O,0,1,0,0,5,90.0,1,6.0,0,6.0,3,4,0
R0522,B機構,F,65,0.0,152.1,40.5,17.5,O,1,0,0,0,0,95.0,7,1.0,0,6.5,2,4,0
R0523,A機構,F,84,1.0,153.8,76.7,32.4,B,1,1,0,0,4,45.0,3,1.0,2,8.4,4,3,1
R0524,A機構,F,94,10.0,154.0,52.1,22.0,B,0,0,0,0,5,60.0,4,7.0,0,9.0,1,5,1
R0525,A機構,M,89,1.0,160.7,54.3,21.0,O,1,0,0,1,2,35.0,2,7.0,2,6.5,2,5,1
R0526,C機構,M,71,12.0,160.4,67.2,26.1,O,1,0,0,0,0,75.0,4,5.0,0,7.6,1,1,0
R0527,B機構,F,73,6.0,157.4,49.9,20.1,B,1,0,0,0,3,45.0,2,4.0,0,4.7,2,5,0
R0528,B機構,M,75,12.0,155.3,51.0,21.1,B,0,1,0,0,4,100.0,5,5.0,0,6.4,0,4,0
R0529,C機構,F,78,0.0,153.5,44.4,18.8,O,1,0,0,0,1,100.0,8,6.0,0,7.7,1,3,0
R0530,A機構,F,86,10.0,147.3,53.6,24.7,AB,1,1,1,1,1,65.0,2,8.0,3,7.7,5,5,1
R0531,B機構,F,80,8.0,159.1,53.7,21.2,A,1,0,0,0,2,90.0,2,5.0,0,7.8,2,4,0
R0532,A機構,F,80,2.0,152.0,51.2,22.2,B,0,0,0,0,3,60.0,4,2.0,1,7.1,2,5,1
R0533,B機構,M,74,7.0,166.2,71.7,26.0,O,1,0,1,0,0,30.0,3,6.0,0,7.9,1,1,0
R0534,B機構,F,79,9.0,153.3,55.0,23.4,O,0,0,1,1,3,25.0,3,7.0,2,5.8,2,9,1
R0535,B機構,M,79,11.0,164.3,59.7,22.1,O,1,0,1,1,4,85.0,4,4.0,1,4.8,1,9,1
R0536,C機構,F,87,5.0,159.3,56.2,22.1,B,0,0,0,1,1,80.0,1,2.0,0,8.2,4,2,0
R0537,C機構,M,85,10.0,171.4,67.1,22.8,O,0,0,0,0,1,100.0,2,5.0,0,6.4,1,5,0
R0538,C機構,M,91,6.0,166.1,53.3,19.3,AB,1,0,1,0,6,100.0,3,2.0,1,6.1,5,6,1
R0539,A機構,F,82,12.0,150.2,55.6,24.6,A,0,0,1,1,4,50.0,2,5.0,1,5.4,2,5,1
R0540,C機構,F,82,6.0,144.5,53.6,25.7,O,1,1,0,0,3,80.0,6,,0,7.6,3,8,0
R0541,A機構,F,74,3.0,153.8,59.9,25.3,A,1,0,0,0,5,65.0,4,7.0,0,8.1,4,6,1
R0542,C機構,M,83,13.0,158.2,59.5,23.8,B,0,0,0,0,2,60.0,0,10.0,1,6.9,2,3,0
R0543,A機構,F,65,5.0,153.3,52.0,22.1,AB,1,0,0,1,3,100.0,8,5.0,1,8.1,1,4,0
R0544,A機構,F,87,11.0,144.2,53.5,25.7,B,1,0,1,1,1,30.0,1,3.0,0,6.4,4,4,0
R0545,C機構,M,76,0.0,179.5,86.1,26.7,B,0,0,0,0,2,45.0,5,4.0,0,7.9,4,7,0
R0546,A機構,F,72,8.0,143.0,40.6,19.9,O,1,0,0,0,3,100.0,5,10.0,0,6.2,1,5,0
R0547,B機構,F,81,,148.9,60.6,27.3,B,0,0,0,0,7,80.0,0,4.0,0,8.8,2,5,1
R0548,C機構,M,93,16.0,163.2,65.7,24.7,O,0,0,0,0,0,75.0,3,5.0,0,8.0,2,6,0
R0549,A機構,M,65,6.0,162.5,59.1,22.4,B,0,0,0,0,8,70.0,5,4.0,0,4.3,2,6,1
R0550,B機構,M,89,12.0,167.7,70.8,25.2,O,0,1,0,0,2,55.0,5,6.0,0,,1,9,0
R0551,B機構,F,81,2.0,152.2,69.4,30.0,O,0,0,0,0,3,95.0,3,6.0,0,6.5,0,4,0
R0552,B機構,F,81,6.0,149.5,39.0,17.4,O,1,0,1,0,3,70.0,3,4.0,2,8.9,0,6,1
R0553,B機構,M,71,12.0,171.4,56.6,19.3,A,1,1,0,1,3,65.0,5,4.0,0,7.5,2,4,0
R0554,A機構,F,86,12.0,155.2,53.2,22.1,O,0,1,0,0,5,30.0,7,2.0,2,4.8,2,7,1
R0555,A機構,M,84,0.0,161.8,46.0,17.6,A,0,0,0,0,5,80.0,3,5.0,0,7.4,4,2,0
R0556,B機構,F,78,12.0,148.7,51.2,23.2,AB,0,0,0,1,1,90.0,5,7.0,0,5.7,3,4,0
R0557,A機構,F,89,11.0,151.3,64.0,28.0,O,1,0,0,0,2,100.0,6,3.0,1,6.5,3,3,1
R0558,A機構,F,89,6.0,152.1,54.4,23.5,O,0,0,0,1,6,70.0,0,5.0,0,6.2,2,5,1
R0559,A機構,F,81,15.0,155.5,63.6,26.3,A,1,0,0,0,6,35.0,2,,0,4.5,2,5,1
R0560,B機構,M,77,8.0,173.2,77.6,25.9,A,0,0,0,0,6,55.0,6,1.0,0,6.4,2,5,0
R0561,A機構,F,76,13.0,154.9,62.3,26.0,O,1,0,0,0,3,30.0,2,3.0,2,4.9,5,3,1
R0562,B機構,M,87,15.0,161.3,42.6,16.4,O,1,0,1,0,4,50.0,2,1.0,2,6.3,5,3,0
R0563,A機構,F,88,5.0,149.3,58.2,26.1,O,0,0,0,1,4,75.0,6,6.0,0,6.3,1,1,0
R0564,A機構,F,75,15.0,160.6,81.3,31.5,O,1,0,0,1,2,55.0,6,4.0,0,5.3,3,3,0
R0565,B機構,M,89,1.0,157.0,47.2,19.1,A,1,0,0,0,3,100.0,0,5.0,0,6.9,4,4,0
R0566,A機構,F,75,,151.0,49.9,21.9,O,1,1,0,1,2,95.0,5,4.0,0,7.7,3,6,0
R0567,A機構,F,77,9.0,142.1,40.5,20.1,AB,0,0,0,0,2,90.0,7,1.0,0,6.7,2,5,0
R0568,C機構,F,75,4.0,149.9,53.3,23.7,O,0,0,0,0,2,95.0,6,4.0,0,8.4,4,3,0
R0569,A機構,F,90,9.0,152.0,46.9,20.3,O,1,0,0,1,4,60.0,2,5.0,2,7.3,3,11,1
R0570,A機構,M,78,9.0,168.4,63.8,22.5,AB,1,0,0,1,3,20.0,1,6.0,0,4.5,5,8,1
R0571,B機構,F,79,2.0,150.0,64.3,28.6,O,1,0,0,0,3,75.0,4,6.0,0,7.9,0,5,0
R0572,A機構,F,87,9.0,153.1,56.9,24.3,B,0,0,0,0,4,45.0,3,6.0,1,8.3,3,5,1
R0573,B機構,F,90,5.0,151.3,56.7,24.8,O,1,0,0,0,0,100.0,8,2.0,0,6.4,2,5,0
R0574,C機構,F,77,13.0,149.0,41.8,18.8,A,1,1,0,0,0,75.0,5,5.0,0,6.9,1,3,0
R0575,B機構,M,78,8.0,169.5,72.5,25.2,O,0,0,0,1,0,65.0,6,2.0,0,6.5,2,4,0
R0576,A機構,F,87,8.0,150.2,64.9,28.8,B,1,0,0,1,0,15.0,2,6.0,1,7.6,0,6,1
R0577,A機構,F,88,9.0,149.3,48.4,21.7,A,0,0,0,1,8,85.0,2,4.0,1,5.0,1,8,1
R0578,C機構,F,79,9.0,152.0,47.5,20.6,O,1,1,1,0,5,95.0,5,,1,9.2,4,4,1
R0579,C機構,F,88,9.0,156.4,53.8,22.0,O,0,0,0,0,5,90.0,5,5.0,1,6.9,3,2,1
R0580,B機構,F,78,17.0,142.2,39.8,19.7,B,0,0,0,1,3,60.0,3,1.0,0,7.2,5,4,0
R0581,B機構,F,77,7.0,148.9,39.0,17.6,A,1,0,0,1,0,100.0,1,7.0,0,8.5,2,4,0
R0582,A機構,M,78,2.0,169.3,50.9,17.8,O,0,0,0,0,3,70.0,2,4.0,1,5.5,2,5,1
R0583,A機構,F,77,0.0,157.1,67.2,27.2,B,1,0,0,1,0,45.0,1,0.0,0,8.9,3,2,1
R0584,A機構,F,85,7.0,150.9,43.0,18.9,O,1,1,0,1,1,55.0,4,7.0,1,,1,4,0
R0585,B機構,M,79,6.0,156.1,60.5,24.8,O,1,0,0,1,7,70.0,4,6.0,1,9.9,3,6,1
R0586,B機構,F,87,3.0,154.5,61.6,25.8,B,0,1,1,1,5,80.0,5,7.0,0,7.4,5,5,0
R0587,B機構,M,75,,158.3,60.2,24.0,B,0,1,0,0,6,70.0,4,8.0,1,8.7,2,6,1
R0588,A機構,M,72,1.0,163.7,57.8,21.6,B,1,0,0,1,4,85.0,4,5.0,1,7.4,2,4,0
R0589,A機構,F,86,6.0,154.3,55.3,23.2,A,1,0,0,0,3,80.0,4,,0,7.9,1,5,0
R0590,B機構,M,81,5.0,156.1,61.6,25.3,O,1,0,0,1,1,100.0,4,4.0,0,7.0,1,2,0
R0591,A機構,F,84,2.0,151.4,43.1,18.8,O,0,1,0,1,4,75.0,3,4.0,2,7.0,3,7,1
R0592,A機構,M,93,9.0,173.6,77.0,25.6,A,1,1,0,1,4,35.0,2,5.0,0,5.5,0,7,1
R0593,B機構,M,87,16.0,154.9,56.1,23.4,A,1,1,0,0,9,35.0,3,4.0,1,9.0,1,2,1
R0594,A機構,M,81,16.0,178.0,68.1,21.5,A,1,1,0,0,4,95.0,2,3.0,0,7.4,3,5,0
R0595,C機構,M,86,6.0,153.9,42.8,18.1,A,0,0,0,0,0,80.0,7,6.0,0,8.1,4,1,0
R0596,B機構,F,84,9.0,145.7,60.1,28.3,O,0,0,1,0,1,70.0,2,3.0,1,6.5,4,9,0
R0597,C機構,F,88,10.0,160.3,48.1,18.7,A,0,1,0,0,7,65.0,6,5.0,1,5.5,4,4,1
R0598,C機構,F,90,11.0,157.8,51.2,20.6,B,0,1,0,1,5,40.0,0,9.0,1,4.9,0,5,1
R0599,A機構,F,82,8.0,154.2,49.4,20.8,O,0,0,0,0,3,80.0,6,4.0,0,,2,6,0
R0600,A機構,M,97,13.0,166.1,57.3,20.8,A,1,0,0,0,4,75.0,5,7.0,1,7.5,1,4,0
R0601,B機構,F,79,13.0,146.9,35.4,16.4,A,1,1,0,1,1,75.0,8,3.0,2,7.4,4,8,0
R0602,C機構,F,84,3.0,153.4,67.6,28.7,B,0,0,0,1,6,80.0,3,8.0,2,,1,4,1
R0603,C機構,F,77,11.0,156.4,45.2,18.5,O,1,1,0,1,5,35.0,2,8.0,0,7.2,2,1,1
R0604,A機構,F,75,12.0,162.6,65.2,24.7,B,0,0,0,0,0,100.0,5,2.0,0,6.9,4,4,0
R0605,C機構,M,84,17.0,170.1,60.1,20.8,B,0,0,0,0,0,80.0,5,3.0,0,,1,4,0
R0606,B機構,M,94,6.0,163.0,51.3,19.3,O,1,0,0,0,8,50.0,2,5.0,1,8.1,2,6,1
R0607,A機構,F,72,3.0,154.2,52.0,21.9,B,1,0,0,0,6,70.0,5,4.0,0,,4,2,1
R0608,A機構,M,91,11.0,162.5,61.6,23.3,B,0,1,0,1,2,80.0,1,3.0,1,6.3,5,3,0
R0609,B機構,F,79,12.0,152.9,49.6,21.2,O,0,0,1,0,4,55.0,6,5.0,1,6.5,3,9,0
R0610,A機構,F,89,,142.2,33.9,16.8,AB,1,1,0,0,5,0.0,2,7.0,0,4.5,4,8,1
R0611,A機構,F,77,8.0,149.6,45.9,20.5,O,0,0,0,1,1,90.0,3,4.0,0,8.9,3,7,0
R0612,C機構,M,85,8.0,166.3,66.6,24.1,B,0,0,0,0,10,20.0,0,6.0,1,5.7,4,1,1
R0613,B機構,F,91,15.0,150.1,60.5,26.9,B,0,1,0,0,5,45.0,1,4.0,2,4.5,5,5,1
R0614,A機構,F,85,5.0,159.8,61.6,24.1,B,1,0,0,0,8,40.0,4,7.0,0,7.5,4,1,1
R0615,B機構,F,92,5.0,169.7,66.8,23.2,A,1,1,0,0,0,85.0,4,4.0,1,6.7,2,9,0
R0616,B機構,F,85,5.0,155.1,43.5,18.1,A,1,0,0,1,5,45.0,5,2.0,2,7.3,2,2,1
R0617,B機構,M,74,0.0,153.4,53.9,22.9,O,1,0,0,0,7,95.0,4,3.0,2,7.2,4,6,1
R0618,C機構,F,79,13.0,156.2,39.9,16.4,AB,1,0,0,0,4,95.0,8,3.0,1,7.5,5,10,0
R0619,C機構,M,84,9.0,163.7,60.4,22.5,O,0,0,0,0,0,80.0,6,4.0,0,7.0,3,2,0
R0620,A機構,F,84,15.0,159.3,55.8,22.0,B,0,0,1,1,4,45.0,3,7.0,2,7.2,3,7,1
R0621,A機構,F,83,4.0,152.2,56.9,24.6,O,0,0,0,1,4,25.0,4,4.0,0,4.9,7,2,1
R0622,B機構,F,78,10.0,150.7,69.2,30.5,A,1,0,0,0,1,100.0,5,5.0,0,5.8,1,6,0
R0623,A機構,M,83,10.0,168.5,67.5,23.8,B,1,1,0,1,7,65.0,5,6.0,2,6.6,0,11,1
R0624,A機構,M,87,1.0,171.1,70.9,24.2,A,0,1,0,0,5,90.0,4,10.0,3,6.4,2,3,1
R0625,A機構,F,74,16.0,151.9,47.2,20.5,O,0,0,0,0,3,100.0,5,5.0,1,5.4,2,5,0
R0626,C機構,F,91,7.0,149.0,39.2,17.7,O,0,1,0,0,5,100.0,2,5.0,0,4.6,3,6,1
R0627,B機構,M,79,10.0,162.2,69.5,26.4,O,0,0,0,0,0,70.0,8,5.0,0,9.0,2,5,0
R0628,C機構,F,84,8.0,161.3,56.6,21.8,A,1,1,0,0,0,70.0,5,,0,5.5,2,2,0
R0629,B機構,M,83,9.0,155.1,45.9,19.1,A,1,0,0,1,4,75.0,2,5.0,0,7.2,3,6,1
R0630,C機構,F,75,1.0,152.1,50.0,21.6,O,1,0,0,0,4,35.0,3,5.0,0,7.1,2,4,0
R0631,A機構,F,75,0.0,155.6,58.4,24.1,B,1,1,1,0,0,85.0,8,,0,6.7,1,4,0
R0632,A機構,M,80,16.0,169.3,65.7,22.9,O,1,0,0,0,0,70.0,5,,0,7.2,1,6,0
R0633,A機構,F,80,5.0,154.2,61.3,25.8,B,0,0,0,0,3,70.0,3,4.0,0,5.4,0,2,1
R0634,C機構,F,82,,145.7,39.7,18.7,B,1,1,0,0,4,80.0,2,6.0,1,,1,8,1
R0635,A機構,M,75,13.0,152.7,46.8,20.1,AB,1,1,0,0,3,100.0,4,4.0,0,,0,6,0
R0636,B機構,M,76,17.0,182.6,50.0,15.0,B,0,0,0,0,0,75.0,4,4.0,0,7.0,3,6,0
R0637,B機構,M,83,12.0,163.1,70.7,26.6,B,1,0,0,1,1,60.0,7,5.0,0,6.7,3,3,0
R0638,B機構,M,85,10.0,159.7,47.7,18.7,O,1,0,0,1,3,35.0,2,4.0,0,6.9,2,5,1
R0639,B機構,F,73,12.0,147.1,47.0,21.7,AB,1,0,0,0,0,60.0,2,5.0,0,7.0,0,2,0
R0640,C機構,M,81,13.0,158.8,62.3,24.7,B,1,0,1,0,1,60.0,6,5.0,0,5.1,2,9,0
R0641,C機構,F,87,6.0,151.2,42.2,18.5,B,1,1,0,0,4,70.0,1,8.0,2,7.2,2,5,1
R0642,A機構,F,87,9.0,153.4,58.7,24.9,AB,0,0,0,0,0,100.0,6,2.0,0,7.8,0,6,0
R0643,A機構,M,83,6.0,164.7,66.8,24.6,B,0,0,0,1,3,100.0,6,3.0,0,6.5,3,2,0
R0644,A機構,F,73,1.0,157.3,41.4,16.7,AB,0,0,0,0,4,100.0,2,4.0,2,4.1,4,3,1
R0645,A機構,F,73,15.0,158.7,76.5,30.4,A,0,0,0,0,3,100.0,2,2.0,0,6.4,3,4,0
R0646,A機構,F,76,10.0,153.8,59.3,25.1,A,1,0,0,1,10,20.0,3,6.0,0,5.4,4,5,1
R0647,A機構,M,67,,172.5,62.6,21.0,B,1,1,0,0,7,30.0,2,2.0,2,5.0,0,5,1
R0648,B機構,M,73,12.0,164.2,65.2,24.2,O,0,0,0,0,2,100.0,5,6.0,0,5.7,4,3,0
R0649,C機構,F,88,9.0,151.6,50.2,21.8,O,0,1,0,0,2,100.0,5,3.0,1,9.3,2,9,1
R0650,B機構,M,75,4.0,158.6,65.3,26.0,A,1,1,0,0,3,60.0,1,5.0,0,10.3,1,8,1
R0651,B機構,F,91,9.0,147.1,56.3,26.0,O,1,0,0,0,2,95.0,4,4.0,1,,2,0,0
R0652,A機構,M,79,0.0,173.0,81.4,27.2,O,1,1,1,0,2,75.0,1,,2,8.7,1,8,1
R0653,B機構,F,81,8.0,149.9,52.0,23.1,B,1,1,0,1,1,70.0,4,3.0,0,8.3,1,10,0
R0654,C機構,F,71,0.0,157.2,52.0,21.0,O,0,0,0,1,2,75.0,4,5.0,0,7.1,3,3,0
R0655,A機構,M,81,13.0,173.9,63.8,21.1,B,0,0,0,0,0,50.0,5,3.0,0,9.1,3,5,1
R0656,C機構,F,77,12.0,159.3,57.0,22.5,B,1,1,0,0,8,25.0,0,4.0,2,10.6,1,5,1
R0657,A機構,F,74,0.0,156.8,58.8,23.9,B,1,0,1,1,4,55.0,2,6.0,3,5.3,1,7,1
R0658,A機構,M,79,16.0,151.8,56.4,24.5,B,0,0,0,0,2,65.0,4,6.0,0,7.2,2,7,0
R0659,B機構,M,77,12.0,170.9,53.7,18.4,O,1,0,0,1,0,85.0,3,4.0,0,7.4,3,5,0
R0660,A機構,M,83,7.0,158.6,62.4,24.8,A,0,0,1,0,3,10.0,3,5.0,0,3.5,3,6,1
R0661,A機構,F,74,1.0,153.8,69.2,29.3,O,0,1,1,0,3,80.0,4,3.0,1,9.6,1,4,1
R0662,C機構,F,79,10.0,156.1,45.9,18.8,O,1,1,1,1,0,65.0,1,7.0,0,6.1,3,11,1
R0663,B機構,F,77,1.0,146.7,54.6,25.4,A,1,0,0,0,3,90.0,2,,1,7.6,3,10,1
R0664,B機構,F,78,13.0,162.5,71.4,27.0,O,1,1,0,0,4,65.0,4,8.0,0,6.7,3,4,0
R0665,C機構,M,78,17.0,159.1,38.0,15.0,O,1,0,0,0,0,80.0,4,3.0,1,7.6,4,6,0
R0666,C機構,F,92,5.0,156.0,52.9,21.7,A,1,1,0,0,4,65.0,4,8.0,0,7.3,2,8,1
R0667,A機構,F,71,3.0,164.0,45.8,17.0,A,1,0,1,0,1,50.0,7,5.0,0,7.4,1,1,0
R0668,A機構,F,87,15.0,149.0,49.3,22.2,B,0,1,0,0,2,80.0,2,6.0,1,8.3,4,2,0
R0669,B機構,M,81,9.0,155.8,55.3,22.8,O,1,0,0,0,2,50.0,3,7.0,0,7.4,0,4,0
R0670,A機構,F,88,11.0,147.2,57.2,26.4,B,1,0,1,1,4,80.0,0,1.0,0,7.8,3,10,0
R0671,A機構,F,73,8.0,155.7,55.6,22.9,AB,0,0,0,0,4,95.0,5,,0,6.7,4,1,0
R0672,A機構,F,65,10.0,141.8,52.9,26.3,O,0,0,0,0,2,95.0,6,8.0,0,8.3,2,3,0
R0673,B機構,F,75,11.0,153.0,51.3,21.9,O,1,0,0,0,6,25.0,3,7.0,1,8.6,1,9,1
R0674,B機構,F,68,15.0,154.4,59.7,25.0,B,1,0,0,0,1,70.0,7,6.0,1,6.0,3,6,0
R0675,C機構,M,99,5.0,166.9,72.2,25.9,O,1,0,0,0,4,70.0,4,8.0,3,7.2,3,4,1
R0676,C機構,M,77,17.0,152.8,64.6,27.7,O,1,0,0,0,0,100.0,3,6.0,2,6.6,4,5,0
R0677,B機構,M,75,0.0,153.4,52.5,22.3,B,0,0,0,0,2,100.0,1,2.0,0,8.7,6,4,0
R0678,B機構,M,85,1.0,155.9,45.0,18.5,O,0,0,1,0,4,40.0,6,4.0,0,8.8,3,5,1
R0679,A機構,F,73,8.0,151.5,51.2,22.3,O,1,0,0,0,4,100.0,5,3.0,0,5.1,2,4,0
R0680,A機構,F,87,7.0,140.6,35.6,18.0,A,0,0,0,0,5,25.0,5,7.0,0,4.6,1,7,1
R0681,C機構,M,87,13.0,165.7,76.0,27.7,B,0,0,1,1,3,5.0,4,4.0,3,6.1,4,8,1
R0682,C機構,M,87,11.0,167.2,56.3,20.1,O,1,1,0,1,4,0.0,2,7.0,2,7.1,3,5,1
R0683,B機構,F,77,17.0,159.5,60.2,23.7,O,1,0,0,0,4,85.0,3,5.0,0,6.7,0,1,0
R0684,A機構,M,71,15.0,152.4,54.7,23.6,B,0,0,0,1,0,65.0,4,2.0,2,7.4,1,1,0
R0685,C機構,M,82,7.0,168.6,48.7,17.1,O,0,0,0,0,4,70.0,1,9.0,0,8.8,3,3,1
R0686,C機構,F,86,2.0,148.9,48.8,22.0,A,0,1,0,0,4,55.0,3,1.0,2,5.8,3,9,1
R0687,B機構,F,88,9.0,157.8,61.8,24.8,A,0,1,1,1,5,80.0,1,2.0,1,9.2,2,5,1
R0688,C機構,F,87,11.0,154.6,53.2,22.3,A,1,0,0,1,3,85.0,0,2.0,0,6.8,2,5,0
R0689,A機構,F,82,8.0,154.3,59.2,24.9,A,1,0,1,1,4,55.0,7,5.0,3,5.7,4,5,1
R0690,A機構,F,94,12.0,141.6,36.4,18.2,O,1,1,0,1,3,70.0,4,3.0,0,8.0,1,8,1
R0691,A機構,M,84,6.0,162.0,52.7,20.1,AB,0,0,1,0,3,50.0,6,0.0,0,6.7,3,4,0
R0692,B機構,F,101,13.0,149.0,61.6,27.7,O,1,1,0,1,5,100.0,3,2.0,0,6.0,1,8,1
R0693,A機構,M,83,11.0,151.6,44.4,19.3,B,1,0,1,1,3,65.0,1,1.0,2,5.4,2,2,1
R0694,C機構,F,83,7.0,155.3,44.1,18.3,B,1,0,0,0,1,100.0,5,5.0,2,,5,7,0
R0695,B機構,M,83,17.0,166.5,65.0,23.4,O,1,0,0,0,0,65.0,6,5.0,0,6.8,3,1,0
R0696,A機構,F,85,10.0,153.1,55.5,23.7,A,0,0,0,0,2,90.0,3,4.0,0,5.7,1,4,0
R0697,A機構,F,81,17.0,154.9,59.0,24.6,O,1,0,0,0,3,15.0,4,5.0,1,5.7,2,3,1
R0698,A機構,F,87,4.0,151.0,48.5,21.3,O,0,0,1,0,6,55.0,4,5.0,0,5.7,4,4,1
R0699,A機構,F,75,9.0,152.4,55.5,23.9,AB,0,0,0,1,6,80.0,6,5.0,0,4.8,2,3,1
R0700,A機構,F,86,6.0,158.9,57.4,22.7,O,1,0,0,0,4,95.0,1,6.0,0,6.9,5,7,0
R0701,C機構,F,83,7.0,159.8,62.9,24.6,O,1,0,0,1,3,20.0,5,6.0,2,8.2,1,7,0
R0702,C機構,F,85,12.0,143.3,37.8,18.4,O,1,0,0,0,5,85.0,0,5.0,0,9.8,2,4,1
R0703,B機構,F,91,15.0,157.2,53.6,21.7,O,0,1,1,0,1,35.0,1,5.0,0,8.4,1,6,0
R0704,C機構,M,71,3.0,156.3,50.5,20.7,O,1,1,0,1,1,75.0,3,1.0,0,7.2,1,10,0
R0705,B機構,F,67,12.0,155.9,52.1,21.4,O,0,0,0,1,9,75.0,4,3.0,0,7.4,5,3,1
R0706,B機構,M,80,1.0,171.7,61.4,20.8,B,1,0,0,1,5,40.0,2,3.0,0,5.9,1,6,0
R0707,A機構,M,73,13.0,169.2,56.4,19.7,A,0,0,0,1,0,100.0,5,9.0,1,6.9,4,3,0
R0708,C機構,M,74,5.0,163.1,60.6,22.8,A,1,0,0,0,2,75.0,7,3.0,1,6.4,1,1,0
R0709,B機構,M,87,13.0,166.2,47.5,17.2,B,0,0,0,0,0,60.0,2,3.0,0,7.2,1,3,0
R0710,B機構,M,79,1.0,165.5,54.6,19.9,O,0,1,1,0,2,80.0,4,8.0,1,5.2,2,4,1
R0711,C機構,F,87,10.0,151.4,51.1,22.3,AB,1,1,0,1,0,80.0,3,4.0,1,7.1,2,6,0
R0712,C機構,F,79,15.0,153.3,74.0,31.5,A,1,1,0,1,3,95.0,2,5.0,0,,4,5,0
R0713,A機構,M,74,0.0,167.1,77.2,27.6,O,1,0,0,0,1,95.0,4,,0,6.1,2,3,0
R0714,C機構,M,78,10.0,160.4,59.6,23.2,O,1,0,0,1,5,30.0,5,4.0,0,5.6,1,7,1
R0715,C機構,M,79,10.0,159.9,60.2,23.5,A,1,1,0,1,3,85.0,1,6.0,0,5.4,0,8,0
R0716,B機構,F,76,13.0,147.4,45.8,21.1,A,1,0,0,0,0,60.0,3,6.0,0,8.1,1,7,0
R0717,C機構,F,97,17.0,153.1,45.2,19.3,A,1,0,0,1,6,100.0,5,6.0,0,8.0,2,4,1
R0718,B機構,F,81,5.0,149.7,51.8,23.1,B,1,0,0,0,0,85.0,5,6.0,1,7.7,1,2,0
R0719,A機構,F,86,12.0,153.8,53.5,22.6,A,1,0,0,0,1,80.0,5,,0,6.5,4,5,0
R0720,A機構,F,98,4.0,156.2,57.0,23.4,O,0,1,0,1,6,80.0,0,5.0,0,8.1,4,8,1
R0721,B機構,F,75,6.0,161.3,52.5,20.2,A,0,1,1,0,0,90.0,6,3.0,0,8.1,4,6,0
R0722,A機構,M,73,17.0,161.2,48.0,18.5,O,1,1,0,0,7,20.0,1,5.0,2,7.9,2,6,1
R0723,A機構,M,91,10.0,157.2,41.8,16.9,O,1,0,0,1,3,70.0,5,10.0,0,6.3,4,4,0
R0724,A機構,M,65,5.0,158.6,47.1,18.7,O,1,0,0,0,4,90.0,3,7.0,1,6.7,3,3,0
R0725,A機構,F,81,5.0,158.5,67.6,26.9,B,1,1,0,0,4,100.0,4,6.0,1,3.9,1,5,1
R0726,A機構,M,78,8.0,165.6,72.5,26.4,O,0,0,1,0,3,70.0,5,1.0,0,8.0,2,4,1
R0727,C機構,F,78,13.0,150.2,55.1,24.4,AB,1,0,0,0,8,100.0,0,3.0,1,9.3,4,7,1
R0728,A機構,M,85,1.0,160.9,55.5,21.4,B,1,0,0,0,2,95.0,3,7.0,0,6.5,6,3,0
R0729,A機構,F,78,16.0,152.8,54.9,23.5,O,1,1,0,0,3,85.0,3,2.0,2,4.1,1,5,0
R0730,A機構,F,80,5.0,147.1,42.7,19.7,O,0,0,0,1,2,100.0,2,6.0,0,6.3,2,3,0
R0731,B機構,F,92,,144.4,37.6,18.0,O,0,1,0,0,4,100.0,4,3.0,0,6.1,6,6,0
R0732,C機構,M,93,10.0,158.6,49.5,19.7,A,0,1,0,0,8,60.0,3,3.0,0,9.7,1,4,1
R0733,C機構,M,83,9.0,165.6,63.9,23.3,B,0,0,0,1,5,95.0,6,3.0,0,3.5,6,6,1
R0734,A機構,F,87,0.0,152.9,55.0,23.5,B,1,0,0,0,6,45.0,1,7.0,1,4.5,2,6,1
R0735,C機構,M,87,13.0,163.7,49.4,18.4,B,0,1,1,1,7,45.0,5,4.0,1,6.9,2,4,1
R0736,C機構,F,76,12.0,146.4,55.0,25.7,O,0,0,0,1,4,50.0,1,7.0,1,8.0,4,5,1
R0737,A機構,M,91,6.0,173.6,47.2,15.7,A,0,0,1,1,2,70.0,3,3.0,1,6.1,3,5,0
R0738,A機構,F,84,0.0,161.4,78.0,29.9,B,1,0,0,0,7,15.0,2,4.0,1,10.3,0,1,1
R0739,A機構,M,86,17.0,178.8,79.3,24.8,O,1,1,1,1,5,50.0,3,3.0,2,6.6,2,6,1
R0740,B機構,M,98,10.0,177.3,61.8,19.7,O,0,0,0,1,6,55.0,7,7.0,1,9.8,1,2,1
R0741,A機構,F,79,1.0,154.7,48.3,20.2,O,1,0,0,0,3,60.0,3,7.0,0,7.2,0,2,1
R0742,B機構,M,85,7.0,159.8,65.6,25.7,O,1,1,0,0,0,85.0,3,1.0,0,8.6,1,4,0
R0743,A機構,F,83,5.0,156.8,58.3,23.7,O,1,0,1,0,2,45.0,5,2.0,0,6.5,2,10,1
R0744,B機構,M,88,13.0,161.7,54.3,20.8,B,0,0,0,0,2,85.0,5,4.0,0,7.2,3,3,0
R0745,B機構,F,72,12.0,151.1,61.6,27.0,O,1,0,0,1,2,100.0,5,5.0,0,6.6,1,2,0
R0746,B機構,M,76,0.0,171.9,64.0,21.7,O,1,0,0,0,7,45.0,3,6.0,0,7.9,3,7,1
R0747,A機構,F,83,7.0,156.3,44.0,18.0,B,0,1,0,0,0,100.0,4,1.0,0,4.7,4,6,0
R0748,B機構,F,75,7.0,157.1,52.6,21.3,O,0,1,0,0,1,75.0,5,4.0,0,8.2,1,5,0
R0749,C機構,M,82,7.0,165.0,69.6,25.6,O,1,0,1,0,4,45.0,4,7.0,0,8.2,2,7,1
R0750,A機構,M,72,5.0,156.1,58.6,24.0,O,0,0,0,0,0,85.0,5,7.0,0,6.3,3,3,0
R0751,A機構,F,79,5.0,142.0,49.2,24.4,O,1,1,1,0,6,75.0,6,5.0,0,7.3,2,5,0
R0752,A機構,M,71,9.0,171.8,49.1,16.6,O,0,1,0,0,2,100.0,8,2.0,1,8.6,1,3,0
R0753,A機構,M,77,0.0,153.1,57.4,24.5,O,0,0,0,1,2,100.0,8,8.0,0,8.2,4,3,0
R0754,C機構,F,72,0.0,147.3,52.2,24.1,O,1,0,0,0,7,40.0,4,3.0,3,9.4,2,4,1
R0755,C機構,M,65,1.0,158.6,37.7,15.0,O,1,0,0,0,3,100.0,2,2.0,0,8.0,2,3,0
R0756,A機構,F,85,13.0,148.7,39.1,17.7,O,1,0,1,0,8,60.0,4,4.0,0,9.0,0,9,1
R0757,A機構,F,90,16.0,155.9,59.0,24.3,O,1,0,0,0,6,60.0,5,,1,7.6,1,2,1
R0758,A機構,F,82,13.0,154.4,58.0,24.3,O,1,0,0,0,2,55.0,1,7.0,0,3.5,3,2,1
R0759,A機構,M,78,17.0,160.2,57.5,22.4,O,0,0,0,1,3,65.0,5,4.0,0,6.7,2,6,0
R0760,A機構,F,77,8.0,158.8,61.2,24.3,O,0,0,0,0,2,90.0,4,6.0,1,4.4,4,3,0
R0761,B機構,M,78,7.0,153.2,69.5,29.6,A,1,0,0,0,3,60.0,4,5.0,1,6.6,0,4,1
R0762,A機構,M,87,13.0,163.8,71.5,26.6,B,1,1,0,0,5,80.0,4,7.0,0,7.3,4,1,0
R0763,B機構,F,83,6.0,151.3,44.8,19.6,O,1,0,0,0,7,40.0,3,6.0,1,7.0,2,6,1
R0764,A機構,F,82,10.0,138.4,38.3,20.0,B,0,0,0,0,0,75.0,6,4.0,0,7.3,2,10,0
R0765,A機構,F,85,,155.5,61.7,25.5,AB,0,1,1,0,5,50.0,0,2.0,1,7.5,2,7,1
R0766,C機構,F,81,9.0,146.5,46.6,21.7,B,1,0,0,1,3,80.0,4,3.0,0,6.7,1,7,0
R0767,A機構,F,65,0.0,164.4,66.4,24.6,A,0,0,0,0,0,75.0,6,4.0,1,7.6,1,4,0
R0768,A機構,M,81,6.0,164.7,70.9,26.1,O,0,1,0,1,9,100.0,4,7.0,1,5.2,3,6,1
R0769,C機構,M,82,0.0,164.8,69.3,25.5,O,1,1,1,1,4,40.0,3,3.0,1,6.9,3,6,1
R0770,C機構,M,88,8.0,170.1,63.8,22.1,O,1,0,0,1,3,55.0,5,6.0,0,7.2,5,5,0
R0771,B機構,F,74,15.0,162.4,39.6,15.0,O,1,1,0,1,8,60.0,4,7.0,0,6.7,2,7,1
R0772,A機構,F,78,0.0,149.1,64.8,29.1,A,0,0,0,1,6,25.0,2,5.0,0,,2,4,1
R0773,B機構,M,84,8.0,153.2,61.9,26.4,B,0,0,1,0,2,65.0,3,7.0,0,7.4,3,5,0
R0774,A機構,F,68,2.0,152.5,47.5,20.4,O,1,0,0,0,0,100.0,5,5.0,0,6.7,1,2,0
R0775,B機構,F,92,17.0,153.0,49.5,21.1,A,1,0,0,1,6,50.0,3,5.0,0,5.6,0,8,1
R0776,C機構,M,88,10.0,168.8,84.0,29.5,A,0,0,0,0,1,45.0,4,,0,8.7,4,4,0
R0777,A機構,M,72,10.0,157.8,63.7,25.6,O,1,0,0,0,0,65.0,7,3.0,0,5.8,4,7,0
R0778,A機構,F,84,10.0,155.1,55.7,23.2,O,1,0,0,0,7,35.0,2,5.0,0,4.4,1,6,1
R0779,C機構,F,87,,148.8,62.5,28.2,B,1,0,1,0,6,65.0,1,9.0,1,7.1,5,4,0
R0780,A機構,M,77,11.0,167.5,62.1,22.1,A,0,0,0,0,1,65.0,4,2.0,0,7.1,0,6,0
R0781,A機構,F,77,8.0,156.2,54.5,22.3,B,0,0,0,0,0,75.0,7,2.0,0,5.4,3,5,0
R0782,C機構,F,84,13.0,154.5,50.1,21.0,O,0,0,0,0,2,100.0,4,4.0,0,5.2,1,6,0
R0783,C機構,F,75,13.0,153.9,47.7,20.1,O,1,0,0,0,1,85.0,6,2.0,0,5.8,2,7,0
R0784,B機構,F,80,15.0,159.1,61.1,24.1,B,1,0,0,0,2,90.0,3,3.0,1,5.3,2,7,1
R0785,B機構,M,82,10.0,165.9,71.7,26.1,AB,1,0,1,1,1,65.0,4,6.0,0,7.8,1,2,0
R0786,B機構,F,78,,141.9,52.1,25.9,B,0,0,0,1,2,50.0,5,5.0,2,3.5,0,4,1
R0787,B機構,F,100,7.0,157.7,49.5,19.9,A,1,1,0,1,2,85.0,4,3.0,1,6.1,2,7,0
R0788,B機構,F,79,12.0,144.3,48.3,23.2,B,1,1,1,0,7,60.0,3,6.0,1,5.9,2,5,1
R0789,A機構,F,90,7.0,146.0,47.3,22.2,B,0,0,0,1,3,75.0,3,5.0,0,5.8,5,2,0
R0790,B機構,F,77,4.0,150.8,46.8,20.6,A,0,0,0,0,0,65.0,3,4.0,0,7.4,2,4,0
R0791,B機構,F,87,1.0,159.2,57.2,22.6,A,1,0,0,0,7,50.0,5,8.0,1,7.5,3,2,1
R0792,B機構,F,86,8.0,147.9,57.2,26.1,A,0,0,0,0,2,95.0,6,,0,6.4,3,5,0
R0793,B機構,F,95,16.0,147.4,41.9,19.3,B,0,0,0,1,6,30.0,3,6.0,1,6.0,1,3,1
R0794,C機構,F,92,0.0,153.3,56.5,24.0,A,0,0,0,1,0,60.0,5,3.0,0,8.5,2,1,0
R0795,C機構,F,79,,153.4,52.6,22.4,A,0,0,0,0,1,100.0,4,1.0,0,6.0,3,5,0
R0796,A機構,M,80,7.0,155.3,63.2,26.2,O,0,1,1,1,2,90.0,7,6.0,2,7.1,3,3,1
R0797,A機構,F,79,10.0,149.4,40.1,18.0,A,1,0,0,1,3,75.0,6,,0,7.1,1,4,0
R0798,B機構,F,69,10.0,145.2,56.2,26.7,A,1,1,0,0,5,100.0,0,7.0,0,7.9,3,6,1
R0799,A機構,M,79,13.0,176.5,72.2,23.2,AB,1,0,0,0,2,30.0,4,5.0,0,8.6,3,6,0
R0800,C機構,F,91,1.0,150.6,42.5,18.7,O,1,1,0,0,0,75.0,3,,0,5.9,1,4,1
R0801,A機構,M,86,1.0,162.0,39.4,15.0,A,1,1,0,0,3,50.0,1,9.0,1,8.3,2,5,1
R0802,A機構,M,70,11.0,176.5,60.5,19.4,O,0,0,0,0,0,80.0,8,1.0,0,7.2,2,1,0
R0803,B機構,F,83,17.0,154.3,35.8,15.0,B,1,0,1,0,1,60.0,3,6.0,2,7.7,3,8,1
R0804,B機構,M,81,5.0,154.1,46.9,19.8,O,0,0,1,1,2,65.0,5,4.0,1,7.2,1,3,1
R0805,B機構,F,86,0.0,143.9,54.2,26.2,O,1,1,1,0,2,35.0,2,6.0,0,7.4,1,10,0
R0806,B機構,M,77,,161.4,74.4,28.6,O,1,0,0,0,4,75.0,4,1.0,0,4.9,4,6,0
R0807,C機構,M,80,5.0,156.9,53.1,21.6,B,0,0,1,1,9,80.0,4,2.0,0,7.6,0,8,1
R0808,A機構,M,85,13.0,158.0,74.4,29.8,O,0,1,0,0,5,20.0,3,8.0,4,8.0,5,3,1
R0809,A機構,M,94,12.0,163.9,65.9,24.5,A,0,0,1,1,1,50.0,4,4.0,1,5.4,1,6,0
R0810,A機構,F,77,12.0,144.7,42.8,20.4,O,1,1,0,0,6,45.0,0,5.0,0,9.4,2,9,1
R0811,B機構,M,84,8.0,163.2,56.7,21.3,O,1,0,0,0,0,85.0,2,3.0,0,6.7,5,3,0
R0812,B機構,F,85,13.0,144.8,44.5,21.2,B,0,0,0,1,0,75.0,3,6.0,0,7.9,2,3,0
R0813,A機構,F,72,1.0,142.4,55.3,27.3,O,0,0,0,0,1,80.0,7,4.0,0,8.3,2,2,0
R0814,B機構,F,80,2.0,150.1,59.2,26.3,B,0,0,1,0,4,50.0,4,4.0,1,7.7,0,2,1
R0815,C機構,F,80,13.0,159.9,69.0,27.0,O,0,0,0,1,1,70.0,3,3.0,2,7.1,2,0,0
R0816,A機構,M,78,2.0,175.7,74.2,24.0,O,1,1,0,0,3,50.0,7,6.0,0,6.1,2,7,1
R0817,C機構,F,77,15.0,152.2,51.4,22.2,A,0,0,0,1,1,90.0,5,5.0,0,7.3,2,3,0
R0818,B機構,F,85,13.0,157.6,64.4,25.9,O,1,0,0,1,1,90.0,2,6.0,1,11.5,5,5,1
R0819,A機構,F,73,5.0,154.0,43.8,18.5,O,0,1,0,1,3,50.0,1,8.0,1,7.5,1,8,1
R0820,C機構,F,78,5.0,141.9,44.1,21.9,A,1,0,1,1,3,100.0,2,3.0,1,7.6,4,8,0
R0821,A機構,M,79,0.0,166.9,61.2,22.0,O,0,0,1,0,1,40.0,6,8.0,0,7.1,3,5,0
R0822,C機構,M,92,16.0,151.1,34.2,15.0,AB,1,1,0,0,4,65.0,3,6.0,0,6.5,4,6,1
R0823,A機構,M,89,11.0,161.6,63.9,24.5,AB,0,0,0,1,2,95.0,4,5.0,0,7.1,1,6,0
R0824,B機構,F,79,12.0,146.0,50.2,23.6,O,0,0,0,0,3,95.0,4,3.0,0,9.1,5,4,0
R0825,A機構,F,81,1.0,153.1,61.1,26.1,O,0,1,0,0,3,80.0,3,,1,8.1,1,1,0
R0826,B機構,M,88,8.0,156.5,36.7,15.0,O,1,1,0,1,8,75.0,5,4.0,3,4.5,5,4,1
R0827,B機構,M,85,1.0,158.6,45.9,18.2,AB,0,0,0,1,6,75.0,1,8.0,1,5.5,6,1,1
R0828,B機構,F,83,1.0,157.5,56.3,22.7,B,0,0,1,0,4,80.0,3,3.0,2,8.4,3,7,1
R0829,B機構,M,99,10.0,172.2,83.9,28.3,AB,0,0,0,1,4,35.0,2,4.0,3,10.2,4,7,1
R0830,B機構,M,85,11.0,165.3,66.1,24.2,O,1,0,0,0,5,85.0,0,8.0,3,9.4,4,4,1
R0831,C機構,M,94,12.0,167.0,56.3,20.2,B,1,0,0,0,3,80.0,3,6.0,1,7.8,7,5,0
R0832,A機構,F,88,17.0,148.1,50.5,23.0,B,1,0,0,0,5,100.0,3,14.0,0,7.3,4,3,1
R0833,A機構,M,83,5.0,168.3,61.8,21.8,B,1,1,0,1,8,30.0,3,2.0,0,5.7,1,5,1
R0834,C機構,M,65,7.0,162.3,60.3,22.9,A,0,0,0,0,3,100.0,3,6.0,1,7.2,0,5,0
R0835,B機構,F,72,16.0,150.2,57.7,25.6,AB,1,1,1,0,0,80.0,4,2.0,0,8.4,2,5,0
R0836,C機構,M,74,9.0,154.1,58.4,24.6,O,0,0,0,0,4,90.0,3,6.0,1,6.0,1,4,1
R0837,B機構,M,75,6.0,156.1,52.7,21.6,O,1,0,0,1,0,70.0,5,2.0,1,6.4,3,6,0
R0838,B機構,F,78,6.0,153.5,64.8,27.5,B,1,0,0,0,4,95.0,4,6.0,0,8.4,2,4,0
R0839,A機構,F,74,13.0,152.2,50.6,21.8,O,1,1,1,0,0,70.0,5,3.0,0,6.2,4,7,0
R0840,C機構,F,80,10.0,155.5,50.6,20.9,B,1,1,1,0,3,100.0,7,2.0,2,9.8,4,5,1
R0841,B機構,F,80,5.0,153.6,51.7,21.9,O,1,0,0,1,6,80.0,1,4.0,1,7.8,2,2,1
R0842,A機構,F,100,7.0,163.5,60.6,22.7,B,0,0,0,0,1,90.0,5,3.0,2,5.7,3,3,1
R0843,B機構,F,76,4.0,154.4,52.5,22.0,O,1,0,0,1,2,55.0,5,3.0,0,7.6,0,4,0
R0844,A機構,M,74,12.0,171.1,68.4,23.4,B,1,0,0,0,0,100.0,6,2.0,0,6.9,2,2,0
R0845,A機構,F,78,9.0,154.9,52.3,21.8,O,1,1,0,1,5,75.0,3,,0,7.7,2,4,1
R0846,A機構,M,80,9.0,159.8,60.8,23.8,A,0,0,0,1,3,50.0,8,0.0,0,7.8,1,8,0
R0847,A機構,F,82,5.0,152.8,61.4,26.3,A,0,0,0,1,4,25.0,4,7.0,2,4.5,3,8,1
R0848,A機構,M,80,9.0,169.6,79.1,27.5,A,1,0,1,0,0,65.0,6,4.0,1,6.9,3,6,0
R0849,A機構,M,85,8.0,157.0,87.0,35.3,A,0,1,0,1,6,50.0,0,3.0,2,5.8,0,4,1
R0850,A機構,M,71,9.0,164.9,63.7,23.4,O,1,0,0,1,4,55.0,5,4.0,0,4.9,2,6,1
R0851,C機構,F,83,11.0,149.7,43.6,19.5,B,0,1,0,0,4,85.0,4,,0,5.4,3,6,1
R0852,A機構,M,73,10.0,151.9,43.7,18.9,B,1,0,0,1,2,50.0,5,8.0,1,6.3,5,3,0
R0853,C機構,F,72,5.0,157.1,43.2,17.5,A,0,1,0,0,2,100.0,3,8.0,1,7.1,4,9,0
R0854,B機構,F,77,9.0,155.2,66.6,27.6,O,1,1,0,1,1,50.0,3,6.0,0,7.1,1,4,0
R0855,A機構,F,78,11.0,139.3,50.8,26.2,A,1,0,0,1,0,80.0,7,3.0,0,8.2,4,2,0
R0856,A機構,F,75,7.0,151.0,54.3,23.8,A,0,0,0,0,3,95.0,4,5.0,1,7.1,3,3,0
R0857,B機構,F,85,9.0,158.3,57.0,22.7,B,0,1,0,0,4,75.0,5,4.0,1,6.9,3,3,0
R0858,A機構,F,75,7.0,149.4,56.5,25.3,AB,0,0,0,0,3,55.0,3,6.0,0,6.2,3,3,1
R0859,B機構,M,78,11.0,169.0,71.8,25.1,B,1,0,0,0,10,70.0,3,6.0,1,8.9,3,4,1
R0860,B機構,F,75,6.0,165.2,63.4,23.2,AB,0,0,0,0,0,90.0,8,6.0,1,6.0,2,4,0
R0861,B機構,F,82,7.0,163.7,58.5,21.8,A,1,1,0,0,9,20.0,3,4.0,0,7.1,3,6,1
R0862,A機構,M,74,6.0,152.1,50.8,22.0,O,0,0,0,0,0,65.0,2,5.0,0,8.5,3,2,0
R0863,C機構,F,77,7.0,147.5,48.2,22.2,O,1,0,0,0,5,60.0,4,8.0,2,6.5,4,5,1
R0864,A機構,F,77,10.0,154.4,46.5,19.5,O,0,0,0,0,2,95.0,3,5.0,1,7.7,4,4,0
R0865,B機構,F,80,10.0,148.2,46.2,21.0,B,1,0,0,0,3,40.0,6,2.0,1,6.6,6,6,0
R0866,A機構,M,83,11.0,162.2,44.9,17.1,O,1,0,0,0,1,70.0,7,1.0,0,8.3,5,10,0
R0867,C機構,F,87,9.0,144.8,56.2,26.8,O,1,0,0,1,5,95.0,4,3.0,1,5.4,5,7,1
R0868,A機構,M,78,8.0,169.6,71.6,24.9,AB,1,0,0,0,2,60.0,2,2.0,0,7.2,1,8,0
R0869,A機構,F,94,3.0,149.4,43.0,19.3,O,0,0,1,1,5,75.0,3,5.0,0,7.9,3,2,1
R0870,B機構,F,82,0.0,150.9,60.1,26.4,AB,1,0,1,0,2,70.0,5,8.0,3,5.9,4,8,1
R0871,C機構,F,69,6.0,161.7,58.1,22.2,B,1,1,0,0,6,100.0,2,2.0,0,4.2,3,11,1
R0872,A機構,F,83,9.0,146.3,52.3,24.4,A,1,0,0,0,0,100.0,7,7.0,0,7.2,3,3,0
R0873,A機構,F,80,8.0,154.9,52.3,21.8,O,1,0,0,0,3,60.0,3,2.0,1,5.9,4,2,0
R0874,A機構,F,90,6.0,152.1,43.0,18.6,A,1,1,1,0,2,55.0,1,3.0,0,5.8,1,6,1
R0875,A機構,F,74,10.0,143.2,47.0,22.9,A,0,0,0,1,4,85.0,0,6.0,0,4.5,3,3,1
R0876,A機構,F,81,0.0,151.6,51.4,22.4,O,0,1,0,0,1,95.0,5,4.0,1,6.6,2,2,0
R0877,A機構,M,88,2.0,165.7,66.4,24.2,B,1,0,1,1,8,95.0,0,7.0,0,6.1,2,6,1
R0878,A機構,M,74,3.0,164.9,71.9,26.4,O,0,1,0,0,1,95.0,4,6.0,0,6.1,1,13,0
R0879,A機構,M,84,13.0,167.9,56.7,20.1,O,1,0,0,0,1,55.0,4,,2,,2,3,1
R0880,A機構,F,89,1.0,151.7,64.0,27.8,B,0,0,0,1,4,95.0,0,4.0,3,6.3,3,7,1
R0881,B機構,F,77,4.0,155.0,45.5,18.9,A,0,0,0,0,2,25.0,3,7.0,0,8.5,0,4,0
R0882,A機構,M,91,7.0,159.7,63.2,24.8,A,1,1,0,0,4,55.0,7,4.0,1,,4,6,0
R0883,A機構,M,80,4.0,163.0,73.9,27.8,O,0,1,1,1,1,65.0,5,5.0,0,,3,8,0
R0884,B機構,F,77,16.0,148.9,64.2,29.0,AB,0,1,0,0,1,60.0,7,5.0,1,7.2,7,6,0
R0885,A機構,F,92,3.0,148.2,45.6,20.8,A,1,0,0,0,4,40.0,5,3.0,0,8.5,2,2,1
R0886,B機構,M,74,16.0,163.8,46.0,17.1,O,1,0,0,0,0,65.0,8,,2,7.3,2,3,0
R0887,A機構,M,86,1.0,158.9,49.8,19.7,O,1,1,1,1,1,65.0,5,3.0,0,7.3,2,4,1
R0888,A機構,F,82,11.0,160.2,49.5,19.3,A,0,1,0,1,3,60.0,1,1.0,1,5.9,4,4,0
R0889,C機構,F,74,12.0,156.5,61.1,24.9,O,0,0,0,0,1,60.0,8,8.0,0,9.0,1,5,0
R0890,B機構,F,85,16.0,144.9,49.4,23.5,A,0,1,0,0,2,75.0,2,2.0,0,6.8,1,4,0
R0891,B機構,F,86,7.0,157.4,63.0,25.4,O,1,0,1,1,7,30.0,0,5.0,2,9.1,5,3,1
R0892,C機構,F,83,10.0,156.5,50.6,20.7,O,1,1,0,1,3,40.0,1,5.0,2,4.6,0,7,1
R0893,C機構,M,75,11.0,163.3,86.5,32.4,AB,0,1,0,0,0,100.0,6,,1,3.8,1,8,0
R0894,C機構,M,72,6.0,168.0,66.2,23.5,O,1,0,0,0,4,65.0,6,7.0,1,6.2,2,9,0
R0895,C機構,M,80,12.0,148.2,48.9,22.3,A,0,0,0,0,5,65.0,2,4.0,0,4.0,1,2,1
R0896,A機構,F,80,15.0,148.8,61.3,27.7,O,1,1,0,0,3,85.0,6,6.0,2,8.1,5,7,0
R0897,C機構,F,71,13.0,141.9,52.3,26.0,O,0,1,0,0,2,100.0,6,6.0,0,,3,2,0
R0898,B機構,F,81,5.0,144.2,53.7,25.8,A,0,0,0,0,0,45.0,2,4.0,0,7.2,7,4,0
R0899,A機構,M,82,13.0,163.8,60.3,22.5,O,0,0,0,0,0,65.0,4,4.0,0,7.6,4,4,0
R0900,C機構,F,77,6.0,159.2,47.9,18.9,O,0,0,0,1,7,65.0,0,8.0,1,9.9,7,5,1
