resident_id,assess_date,spmsq_errors,adl_barthel,iadl,gds15,falls_past_year,sleep_hours,social_per_week,n_medications,dementia
R0001,2026-04-23,0,30.0,6,8,0,6.4,3,6,0
R0002,2025-11-29,1,90.0,3,4,0,5.8,7,5,0
R0002,2026-05-22,1,90.0,3,5,1,6.0,7,5,0
R0003,2026-04-16,3,80.0,0,8,2,7.8,3,4,1
R0004,2025-12-24,7,65.0,1,2,1,7.1,2,4,1
R0004,2026-06-23,8,60.0,1,2,1,6.7,2,4,1
R0005,2025-04-10,5,25.0,3,7,1,6.5,6,11,1
R0005,2025-10-13,6,25.0,4,8,0,5.5,6,12,1
R0005,2026-04-24,8,5.0,3,8,1,5.4,5,12,1
R0006,2025-02-13,2,70.0,3,2,0,5.2,0,8,1
R0006,2025-07-29,4,60.0,3,5,0,5.8,1,8,1
R0006,2026-02-01,4,60.0,3,4,1,6.1,0,9,1
R0007,2025-11-03,1,70.0,6,8,2,7.7,2,11,1
R0007,2026-04-30,2,65.0,6,6,2,7.9,2,11,1
R0008,2025-07-24,5,45.0,2,10,0,6.6,1,8,1
R0008,2026-02-01,5,40.0,1,10,0,6.8,0,9,1
R0009,2026-02-17,3,75.0,8,0,0,7.6,7,5,0
R0009,2026-08-09,3,80.0,8,3,0,6.8,6,5,0
R0010,2026-06-20,2,60.0,2,5,0,8.3,2,4,0
R0011,2026-05-23,6,45.0,2,5,0,6.7,2,3,1
R0012,2026-01-27,4,40.0,2,6,1,8.2,4,4,1
R0013,2025-12-31,3,60.0,2,5,0,8.0,5,7,1
R0013,2026-07-01,5,55.0,2,5,1,8.4,5,7,1
R0014,2024-10-15,2,75.0,5,2,0,7.1,2,5,1
R0014,2025-04-23,4,70.0,5,1,0,7.1,4,4,1
R0014,2025-10-22,4,55.0,4,2,1,7.7,2,5,1
R0014,2026-04-19,4,60.0,4,2,0,7.2,3,5,1
R0015,2025-05-21,3,85.0,4,9,0,5.6,7,4,0
R0015,2025-11-23,4,90.0,4,5,0,5.4,6,4,0
R0015,2026-06-05,3,85.0,4,6,0,5.9,6,4,0
R0016,2025-05-01,0,45.0,6,4,0,7.2,3,2,1
R0016,2025-11-04,0,30.0,5,5,0,7.6,1,2,1
R0016,2026-04-25,0,35.0,5,5,0,7.4,2,3,1
R0017,2025-01-27,5,60.0,5,1,0,6.0,0,3,0
R0017,2025-08-01,6,60.0,3,0,0,5.5,2,3,0
R0017,2026-01-28,6,60.0,4,1,0,5.7,1,4,0
R0018,2025-10-26,5,25.0,1,7,0,8.0,4,5,1
R0018,2026-04-30,6,15.0,1,7,0,7.7,3,5,1
R0019,2025-04-21,2,50.0,6,4,0,10.1,5,3,0
R0019,2025-10-25,3,55.0,6,6,1,9.2,5,3,0
R0019,2026-04-27,2,50.0,6,5,1,9.6,4,3,0
R0020,2026-02-28,7,60.0,0,5,1,6.6,4,10,1
R0021,2026-07-31,8,70.0,3,9,2,8.3,3,3,1
R0022,2024-11-22,5,45.0,4,2,1,6.3,3,3,0
R0022,2025-05-24,4,45.0,4,5,0,6.2,3,2,0
R0022,2025-11-13,6,45.0,4,2,0,5.8,2,2,0
R0022,2026-05-31,5,40.0,4,3,0,6.2,2,3,0
R0023,2026-01-15,2,65.0,1,9,0,4.5,3,4,1
R0023,2026-06-29,4,60.0,1,8,0,5.1,2,4,1
R0024,2025-03-27,3,50.0,4,7,0,4.0,1,4,1
R0024,2025-09-30,5,55.0,5,4,1,3.9,3,5,1
R0024,2026-04-07,5,50.0,5,5,2,4.2,2,5,1
R0025,2025-05-25,2,100.0,4,6,1,6.3,3,4,0
R0025,2025-11-24,0,100.0,5,5,0,6.1,4,3,0
R0025,2026-05-31,1,100.0,4,5,1,6.6,3,4,0
R0026,2026-08-24,3,80.0,6,2,0,5.2,2,3,0
R0027,2025-07-25,0,85.0,8,5,1,6.7,4,5,0
R0027,2026-01-29,0,85.0,8,6,0,6.7,3,6,0
R0028,2025-02-23,0,35.0,6,3,1,5.8,5,9,0
R0028,2025-08-21,0,25.0,6,4,1,6.0,5,9,0
R0028,2026-02-20,0,25.0,6,4,0,6.4,5,9,0
R0028,2026-08-21,0,30.0,6,4,1,6.1,4,9,0
R0029,2025-05-31,1,75.0,2,5,0,7.9,1,7,1
R0029,2025-12-13,0,65.0,2,5,0,7.7,0,7,1
R0029,2026-05-30,2,65.0,2,6,1,7.8,0,8,1
R0030,2026-02-06,0,60.0,3,8,4,7.8,4,0,0
R0030,2026-08-03,0,55.0,4,8,4,7.1,4,1,0
R0031,2026-01-30,6,65.0,1,0,0,9.7,3,7,1
R0031,2026-08-02,6,55.0,1,1,1,9.4,4,7,1
R0032,2025-08-15,4,100.0,1,4,1,6.6,5,6,1
R0032,2026-02-18,5,90.0,0,5,2,6.1,6,6,1
R0033,2025-05-24,2,75.0,4,4,0,8.4,6,4,0
R0033,2025-11-14,2,75.0,3,4,0,8.8,5,5,0
R0033,2026-05-24,2,75.0,3,3,0,8.8,5,5,0
R0034,2026-01-07,4,75.0,4,6,0,6.8,3,4,0
R0035,2025-11-24,3,60.0,4,8,2,9.0,1,4,1
R0035,2026-05-19,4,60.0,4,9,1,8.4,2,4,1
R0036,2025-10-22,0,85.0,6,9,1,8.1,3,9,0
R0036,2026-04-28,0,85.0,6,8,0,7.7,2,9,0
R0037,2025-09-17,3,65.0,4,5,0,6.8,2,1,1
R0037,2026-03-18,5,50.0,4,6,0,6.4,1,1,1
R0038,2026-08-12,3,85.0,2,7,0,8.3,4,7,0
R0039,2026-07-16,1,30.0,3,4,1,4.8,3,6,0
R0040,2025-11-12,2,30.0,2,4,0,5.4,0,5,1
R0040,2026-05-10,4,25.0,2,5,1,5.5,1,5,1
R0041,2026-08-11,5,80.0,4,4,3,10.9,1,2,1
R0042,2024-11-13,1,80.0,4,6,0,8.3,1,2,0
R0042,2025-05-30,2,80.0,4,6,0,8.1,1,2,0
R0042,2025-11-25,2,80.0,4,9,0,8.5,0,2,0
R0042,2026-05-23,2,80.0,4,7,0,8.6,0,2,0
R0043,2026-01-02,6,70.0,3,3,0,8.1,3,10,1
R0043,2026-06-28,6,70.0,3,4,0,7.7,2,11,1
R0044,2026-05-19,4,80.0,5,6,1,7.2,2,8,1
R0045,2025-08-19,0,25.0,4,5,1,5.3,3,3,1
R0045,2026-02-24,2,25.0,3,4,1,5.2,1,3,1
R0045,2026-08-14,2,15.0,3,4,1,5.1,2,4,1
R0046,2025-01-30,3,95.0,6,5,0,5.9,2,8,0
R0046,2025-08-03,2,100.0,6,7,0,5.7,1,8,0
R0046,2026-01-25,3,90.0,6,6,0,5.8,2,8,0
R0047,2026-05-09,4,90.0,3,4,2,6.2,2,5,1
R0048,2025-03-28,2,90.0,4,4,1,7.4,5,7,0
R0048,2025-10-03,1,80.0,4,5,4,6.3,5,6,0
R0048,2026-03-20,2,80.0,4,5,2,6.7,4,7,0
R0049,2026-01-27,1,90.0,4,5,1,6.5,5,5,0
R0049,2026-08-11,2,85.0,4,4,1,6.1,4,5,0
R0050,2025-01-10,0,75.0,3,4,0,7.5,5,1,0
R0050,2025-07-18,0,75.0,3,3,0,7.7,5,0,0
R0050,2026-01-14,0,75.0,3,4,1,7.5,5,1,0
R0051,2025-08-30,1,40.0,4,5,0,6.8,2,4,0
R0051,2026-02-24,1,40.0,4,5,0,7.5,3,5,0
R0052,2025-03-29,0,90.0,5,6,0,9.6,0,2,0
R0052,2025-09-17,0,85.0,4,8,1,10.1,0,2,0
R0052,2026-03-24,0,85.0,4,7,1,9.9,0,2,0
R0053,2025-01-28,3,95.0,4,3,0,7.3,3,5,0
R0053,2025-07-30,4,95.0,4,3,0,7.0,4,6,0
R0053,2026-01-27,3,90.0,4,4,0,7.0,4,6,0
R0054,2025-09-01,3,80.0,4,2,3,5.7,0,7,0
R0054,2026-02-14,3,85.0,4,3,1,5.3,0,8,0
R0055,2025-07-02,2,95.0,0,2,0,5.8,4,6,0
R0055,2025-12-31,2,90.0,0,3,0,6.1,2,5,0
R0055,2026-06-26,2,90.0,0,4,0,6.4,3,6,0
R0056,2026-07-24,4,65.0,4,5,0,6.1,3,5,0
R0057,2025-11-30,4,50.0,0,6,0,8.9,3,3,1
R0057,2026-06-01,5,50.0,0,7,0,8.6,3,4,1
R0058,2026-02-25,5,80.0,2,4,1,8.8,1,3,1
R0059,2025-02-23,3,70.0,6,5,1,8.0,3,4,0
R0059,2025-08-25,4,70.0,5,4,0,7.2,4,4,0
R0059,2026-03-07,3,70.0,5,4,0,7.8,3,5,0
R0060,2026-01-13,2,40.0,4,5,3,6.1,3,7,0
R0060,2026-07-11,1,35.0,4,6,2,6.0,3,7,0
R0061,2024-09-15,1,65.0,0,7,0,7.0,2,7,0
R0061,2025-02-27,2,70.0,0,5,0,6.8,2,7,0
R0061,2025-09-12,0,65.0,0,5,0,7.0,1,6,0
R0061,2026-03-15,1,65.0,0,5,0,7.2,1,7,0
R0062,2025-01-20,0,100.0,5,3,0,7.1,2,10,0
R0062,2025-07-25,0,100.0,4,4,0,6.1,2,9,0
R0062,2026-01-21,1,100.0,4,4,0,6.6,2,10,0
R0063,2025-07-27,4,100.0,1,6,0,5.5,2,3,0
R0063,2026-01-12,3,95.0,1,7,0,7.5,0,2,0
R0063,2026-07-30,4,95.0,1,7,0,6.3,1,3,0
R0064,2026-08-28,5,80.0,0,2,0,5.4,3,3,1
R0065,2026-02-21,2,70.0,5,7,0,6.2,4,1,0
R0066,2024-09-13,2,95.0,2,5,1,8.7,7,5,1
R0066,2025-03-07,3,85.0,2,4,1,8.1,5,6,1
R0066,2025-09-13,4,85.0,1,5,1,8.5,6,5,1
R0066,2026-03-19,5,80.0,1,5,1,8.8,6,6,1
R0067,2025-12-04,3,100.0,0,8,0,5.3,1,2,1
R0067,2026-06-04,4,100.0,0,9,0,5.3,0,2,1
R0068,2025-10-06,5,55.0,4,5,2,10.5,3,3,1
R0068,2026-03-19,6,55.0,3,7,1,10.6,4,4,1
R0069,2025-03-26,0,60.0,2,6,0,7.1,2,5,0
R0069,2025-10-01,1,60.0,4,5,0,6.5,3,5,0
R0069,2026-03-19,1,55.0,3,7,2,6.7,3,5,0
R0070,2025-09-13,5,60.0,4,7,0,5.5,1,1,1
R0070,2026-03-09,7,50.0,4,7,1,5.6,1,2,1
R0071,2025-09-08,6,50.0,4,8,0,8.3,2,4,1
R0071,2026-03-04,8,40.0,4,7,0,8.7,1,4,1
R0072,2025-02-15,2,60.0,5,7,0,5.6,4,2,1
R0072,2025-08-14,3,55.0,5,7,0,5.2,2,1,1
R0072,2026-02-08,3,50.0,5,7,0,5.5,3,2,1
R0073,2026-03-21,4,100.0,4,6,0,9.9,2,6,1
R0074,2025-11-30,3,85.0,4,4,0,6.2,3,8,0
R0074,2026-06-08,3,80.0,4,4,0,6.0,4,8,0
R0075,2025-08-14,2,35.0,2,6,2,4.5,3,4,1
R0075,2026-02-25,3,35.0,2,6,1,5.1,3,5,1
R0076,2026-07-30,0,90.0,7,3,0,5.9,4,3,0
R0077,2025-10-31,4,40.0,5,4,3,5.2,3,7,1
R0077,2026-05-03,6,35.0,5,5,2,5.9,2,7,1
R0078,2025-08-18,2,65.0,4,3,0,5.0,7,2,0
R0078,2026-02-12,2,65.0,4,3,0,4.9,7,3,0
R0079,2026-03-07,1,65.0,0,1,0,7.5,2,5,1
R0079,2026-08-29,1,55.0,0,2,0,6.4,2,5,1
R0080,2025-02-18,2,100.0,5,4,0,6.4,2,1,1
R0080,2025-08-31,3,95.0,4,3,1,5.2,2,1,1
R0080,2026-02-26,3,90.0,4,4,1,6.2,3,1,1
R0081,2025-09-01,3,55.0,4,3,0,7.2,5,7,0
R0081,2026-02-23,4,60.0,4,3,1,7.3,6,7,0
R0082,2026-08-21,4,35.0,5,2,0,6.2,5,6,0
R0083,2025-02-20,4,55.0,1,2,2,9.3,2,6,1
R0083,2025-08-26,5,50.0,1,3,0,9.3,2,6,1
R0083,2026-02-25,7,40.0,0,1,1,8.8,2,5,1
R0083,2026-08-23,8,30.0,0,3,1,9.2,2,6,1
R0084,2025-02-17,3,80.0,3,4,0,8.7,3,5,1
R0084,2025-08-16,4,75.0,3,5,2,8.8,2,5,1
R0084,2026-02-19,5,70.0,3,4,1,9.0,2,5,1
R0085,2026-08-28,4,85.0,2,9,0,5.8,1,5,1
R0086,2026-01-04,1,70.0,5,2,0,8.3,1,4,0
R0086,2026-06-27,2,75.0,5,3,0,8.4,0,4,0
R0087,2025-11-30,7,35.0,2,2,0,9.1,3,3,1
R0087,2026-06-03,8,30.0,2,3,1,9.5,4,4,1
R0088,2025-05-02,1,90.0,6,1,1,7.9,4,2,0
R0088,2025-10-26,1,95.0,6,2,0,7.7,4,2,0
R0088,2026-05-01,1,90.0,6,2,0,7.5,5,2,0
R0089,2025-12-05,2,65.0,6,3,0,8.8,4,7,0
R0089,2026-06-01,2,60.0,6,4,0,8.9,3,7,0
R0090,2025-04-10,0,95.0,5,2,0,6.9,2,8,0
R0090,2025-10-24,1,100.0,5,4,0,5.9,2,7,0
R0090,2026-04-18,0,100.0,5,3,0,6.4,1,8,0
R0091,2026-02-28,5,35.0,6,7,0,8.4,4,3,1
R0092,2025-12-03,0,80.0,8,4,0,6.3,2,7,0
R0092,2026-05-21,1,75.0,8,4,0,6.7,2,7,0
R0093,2025-01-03,8,100.0,6,9,2,7.6,1,3,1
R0093,2025-07-19,7,95.0,7,5,1,8.0,1,3,1
R0093,2026-01-08,9,90.0,6,6,2,8.1,1,4,1
R0094,2026-01-15,7,90.0,2,7,0,5.6,3,6,1
R0094,2026-07-16,7,85.0,1,8,0,5.4,4,6,1
R0095,2026-02-10,3,95.0,3,8,0,8.7,1,4,0
R0096,2026-07-26,4,55.0,1,4,1,7.7,2,5,1
R0097,2025-04-30,0,55.0,4,7,0,6.9,4,3,0
R0097,2025-11-04,2,55.0,5,6,0,7.3,4,3,0
R0097,2026-05-13,1,50.0,5,7,0,6.9,3,3,0
R0098,2025-12-12,3,75.0,3,9,1,7.8,3,2,0
R0098,2026-06-02,3,75.0,3,8,0,7.9,2,2,0
R0099,2025-04-19,0,95.0,2,5,1,4.5,3,0,1
R0099,2025-10-19,1,80.0,2,2,0,5.2,2,1,1
R0099,2026-04-17,2,75.0,2,3,0,4.6,3,1,1
R0100,2025-03-30,8,25.0,4,4,0,7.1,4,3,1
R0100,2025-10-02,8,25.0,4,5,0,7.3,3,4,1
R0100,2026-03-30,9,20.0,4,4,0,7.6,3,4,1
R0101,2025-09-26,3,45.0,7,3,0,9.1,1,3,1
R0101,2026-04-11,4,45.0,7,4,0,9.1,2,3,1
R0102,2025-07-05,3,60.0,5,6,0,8.4,6,5,0
R0102,2025-12-30,3,65.0,5,5,0,7.8,5,4,0
R0102,2026-07-03,3,65.0,5,6,0,8.4,5,5,0
R0103,2025-04-30,8,85.0,3,7,0,9.6,5,6,1
R0103,2025-11-01,7,75.0,3,6,0,8.9,6,6,1
R0103,2026-04-28,9,65.0,2,5,0,9.1,5,6,1
R0104,2024-08-18,3,55.0,4,4,0,7.6,3,4,0
R0104,2025-02-21,3,45.0,3,5,0,7.4,2,3,0
R0104,2025-08-20,2,45.0,3,5,0,7.9,1,4,0
R0104,2026-02-13,3,45.0,3,4,1,7.6,2,4,0
R0105,2026-03-21,3,100.0,7,4,0,8.0,1,4,0
R0106,2025-12-28,5,30.0,0,1,0,5.2,2,2,1
R0106,2026-07-04,6,20.0,0,3,2,5.0,1,3,1
R0107,2025-01-14,4,55.0,0,3,0,6.5,2,5,0
R0107,2025-07-14,3,60.0,0,1,0,7.6,0,4,0
R0107,2026-01-10,4,55.0,0,2,0,7.0,1,5,0
R0108,2025-07-07,4,65.0,6,5,1,9.0,2,4,0
R0108,2026-01-03,3,60.0,5,4,0,8.2,2,4,0
R0108,2026-06-24,3,60.0,5,4,2,8.6,3,4,0
R0109,2025-08-30,2,80.0,2,0,1,9.4,2,1,1
R0109,2026-02-20,3,75.0,2,0,0,9.4,1,1,1
R0109,2026-08-14,4,80.0,2,1,0,9.7,2,2,1
R0110,2025-07-03,0,90.0,6,4,2,8.1,3,3,1
R0110,2026-01-06,1,80.0,6,3,1,7.7,3,4,1
R0110,2026-07-07,2,80.0,6,4,1,8.6,2,4,1
R0111,2024-12-12,2,80.0,4,4,0,6.6,4,6,0
R0111,2025-06-16,3,75.0,4,4,0,6.5,2,6,0
R0111,2025-12-15,2,65.0,4,3,0,5.8,4,7,0
R0111,2026-06-07,3,75.0,4,3,0,6.3,3,7,0
R0112,2025-04-26,4,100.0,4,4,1,8.1,1,2,0
R0112,2025-11-01,4,90.0,4,4,0,8.8,2,3,0
R0112,2026-04-29,5,90.0,4,4,0,8.0,1,3,0
R0113,2025-12-31,1,80.0,6,9,0,6.7,5,4,0
R0114,2025-11-26,0,80.0,2,4,1,6.8,4,5,0
R0114,2026-06-08,0,70.0,3,3,0,6.7,4,6,0
R0115,2025-11-02,4,80.0,1,5,0,8.4,3,6,0
R0115,2026-05-09,4,80.0,0,6,0,8.3,2,6,0
R0116,2025-06-13,0,75.0,4,0,0,7.8,2,5,0
R0116,2025-12-18,0,75.0,4,3,1,7.3,3,6,0
R0116,2026-06-20,0,75.0,4,0,0,7.4,2,6,0
R0117,2026-08-27,3,90.0,5,6,0,7.5,2,7,0
R0118,2025-09-23,1,100.0,7,3,1,8.4,3,3,0
R0118,2026-03-29,1,100.0,8,4,1,8.3,2,3,0
R0119,2025-11-02,3,65.0,5,10,0,5.5,1,4,0
R0119,2026-04-30,4,65.0,5,9,0,6.1,1,5,0
R0120,2025-04-19,2,60.0,2,2,0,6.8,6,10,0
R0120,2025-10-06,2,60.0,2,4,0,6.6,4,10,0
R0120,2026-04-20,3,55.0,2,3,0,6.8,5,11,0
R0121,2026-05-31,3,25.0,2,6,1,8.1,1,6,1
R0122,2025-03-06,1,80.0,8,12,1,6.3,2,6,0
R0122,2025-09-13,1,85.0,8,10,0,6.9,1,7,0
R0122,2026-03-15,1,85.0,8,11,0,7.3,2,7,0
R0123,2025-08-08,0,90.0,4,6,0,7.0,0,3,0
R0123,2026-02-11,0,75.0,5,7,0,7.1,1,4,0
R0123,2026-08-20,0,85.0,5,8,0,6.8,1,4,0
R0124,2025-10-02,1,65.0,4,5,2,6.8,3,9,0
R0124,2026-04-07,1,65.0,4,4,1,6.7,3,9,0
R0125,2026-06-26,2,55.0,2,5,0,7.3,2,5,0
R0126,2026-07-30,2,65.0,3,4,0,8.3,6,3,0
R0127,2025-08-03,6,100.0,3,3,1,5.5,4,8,1
R0127,2026-01-19,5,100.0,2,4,2,5.1,2,7,1
R0127,2026-07-29,6,95.0,3,5,2,5.6,3,8,1
R0128,2026-03-08,2,50.0,4,4,2,6.3,3,3,0
R0128,2026-09-04,3,40.0,4,3,1,6.8,2,4,0
R0129,2025-07-14,4,65.0,5,4,0,8.1,1,4,0
R0129,2026-01-09,4,60.0,6,3,0,8.2,0,4,0
R0130,2025-08-26,0,75.0,3,4,0,6.9,2,4,0
R0130,2026-02-21,0,75.0,3,6,2,7.2,2,4,0
R0131,2024-07-23,0,80.0,8,2,0,5.8,3,1,0
R0131,2025-01-26,2,80.0,7,3,0,6.5,5,1,0
R0131,2025-07-19,0,85.0,6,2,0,6.4,4,1,0
R0131,2026-01-10,1,80.0,7,2,0,6.6,4,1,0
R0132,2026-06-24,1,90.0,3,7,2,8.8,3,8,0
R0133,2025-06-16,3,70.0,5,5,0,9.0,2,2,1
R0133,2025-12-29,2,65.0,6,7,0,8.4,2,2,1
R0133,2026-06-25,4,60.0,5,6,1,9.0,2,3,1
R0134,2024-10-23,4,75.0,3,2,1,10.0,4,7,1
R0134,2025-04-09,5,65.0,4,1,0,10.4,2,6,1
R0134,2025-10-20,5,60.0,3,0,1,10.6,4,7,1
R0134,2026-04-17,6,60.0,3,1,1,10.1,3,7,1
R0135,2026-04-04,10,70.0,3,6,0,7.1,1,5,1
R0136,2024-08-23,4,90.0,3,4,1,7.4,3,5,0
R0136,2025-02-18,5,85.0,2,5,0,8.1,2,5,0
R0136,2025-08-19,5,85.0,2,3,0,7.9,3,6,0
R0136,2026-02-14,5,85.0,2,4,0,8.1,2,6,0
R0137,2025-05-21,2,75.0,7,6,0,7.8,1,7,0
R0137,2025-11-10,3,80.0,7,5,0,8.8,1,8,0
R0137,2026-05-19,2,75.0,6,5,0,7.9,0,8,0
R0138,2024-12-18,1,70.0,4,5,1,9.5,2,3,0
R0138,2025-06-17,1,70.0,4,4,0,9.6,2,2,0
R0138,2025-12-10,1,75.0,5,5,1,9.3,2,2,0
R0138,2026-06-16,2,70.0,4,5,1,9.8,3,3,0
R0139,2025-01-18,1,50.0,4,8,1,7.7,0,4,0
R0139,2025-07-17,3,55.0,4,7,1,8.0,1,4,0
R0139,2026-01-04,3,50.0,4,7,1,7.4,1,4,0
R0140,2025-01-23,4,75.0,5,2,0,4.0,1,9,1
R0140,2025-08-06,3,75.0,5,2,0,4.9,0,8,1
R0140,2026-01-30,6,70.0,4,4,0,3.6,1,8,1
R0140,2026-08-06,7,60.0,4,3,0,4.5,0,9,1
R0141,2026-04-30,3,60.0,3,1,1,7.8,0,8,0
R0142,2025-01-31,1,70.0,6,5,0,5.8,2,8,0
R0142,2025-08-02,2,70.0,5,5,0,5.7,3,9,0
R0142,2026-02-12,2,70.0,6,5,1,5.6,2,9,0
R0143,2025-07-16,2,100.0,6,5,0,7.1,4,4,0
R0143,2026-01-17,2,100.0,6,5,0,6.5,4,4,0
R0144,2025-04-23,6,85.0,5,7,2,7.9,3,3,1
R0144,2025-10-13,7,85.0,5,6,0,8.4,3,2,1
R0144,2026-04-21,8,75.0,5,6,1,8.1,2,3,1
R0145,2025-06-01,2,80.0,5,3,3,6.5,0,3,0
R0145,2025-12-04,3,80.0,6,6,0,6.8,1,3,0
R0145,2026-05-30,3,80.0,5,4,1,7.1,1,4,0
R0146,2025-12-25,4,100.0,5,5,1,9.4,2,6,1
R0146,2026-06-18,5,95.0,5,3,0,9.4,2,7,1
R0147,2025-12-12,3,90.0,0,7,0,8.7,2,7,0
R0147,2026-06-14,3,80.0,0,6,0,8.9,2,8,0
R0148,2024-08-25,0,80.0,6,3,0,6.4,3,2,0
R0148,2025-02-21,0,75.0,6,2,0,6.7,2,2,0
R0148,2025-09-03,0,70.0,6,1,0,6.6,3,2,0
R0148,2026-02-19,0,75.0,6,2,0,6.7,2,2,0
R0149,2025-05-13,2,80.0,6,2,0,7.1,3,4,0
R0149,2025-11-28,0,80.0,6,2,0,7.0,3,3,0
R0149,2026-05-27,1,80.0,6,3,0,7.1,3,4,0
R0150,2025-07-24,2,90.0,4,3,0,7.3,0,3,0
R0150,2026-01-29,2,90.0,4,3,0,8.1,0,3,0
R0151,2025-06-16,3,40.0,1,4,0,8.3,1,0,1
R0151,2025-12-09,2,40.0,1,5,0,9.4,1,1,1
R0151,2026-06-22,4,35.0,1,4,1,8.7,2,1,1
R0152,2025-12-27,3,0.0,3,4,0,7.6,0,5,0
R0153,2025-01-06,3,95.0,0,4,0,6.4,1,5,1
R0153,2025-07-15,4,90.0,0,3,0,6.5,1,5,1
R0153,2026-01-05,5,80.0,0,4,1,6.6,2,6,1
R0154,2026-02-16,7,65.0,3,7,1,7.9,5,11,1
R0154,2026-07-31,8,65.0,2,8,1,8.1,5,12,1
R0155,2026-01-06,4,80.0,4,3,1,8.9,1,3,0
R0155,2026-06-28,3,75.0,4,2,1,9.0,2,3,0
R0156,2025-09-21,2,100.0,0,3,0,3.0,4,1,1
R0156,2026-03-26,3,100.0,0,4,1,3.5,3,1,1
R0157,2024-07-23,4,75.0,4,10,1,6.6,2,7,1
R0157,2025-01-20,4,60.0,4,7,1,6.4,1,6,1
R0157,2025-07-22,6,60.0,4,9,1,6.5,2,6,1
R0157,2026-01-28,7,55.0,3,8,1,6.6,1,7,1
R0158,2025-10-19,1,100.0,5,3,1,5.4,2,7,0
R0158,2026-04-24,1,100.0,5,4,0,5.9,1,8,0
R0159,2025-05-07,4,90.0,0,6,1,8.3,0,10,1
R0159,2025-11-11,4,85.0,0,7,1,8.1,0,9,1
R0159,2026-05-21,5,80.0,0,6,3,8.2,0,10,1
R0160,2025-01-31,2,75.0,5,11,1,6.8,2,6,0
R0160,2025-07-28,1,70.0,5,9,0,6.8,1,6,0
R0160,2026-01-11,2,80.0,5,9,0,6.9,2,5,0
R0160,2026-07-16,2,70.0,5,9,0,6.9,1,6,0
R0161,2026-06-28,2,100.0,0,2,1,6.0,2,7,0
R0162,2024-10-19,0,55.0,8,2,1,8.0,3,1,0
R0162,2025-04-09,0,55.0,8,5,1,7.4,3,2,0
R0162,2025-10-18,0,50.0,8,3,0,7.3,4,2,0
R0162,2026-04-15,0,50.0,8,4,0,7.1,4,2,0
R0163,2025-03-09,8,60.0,6,5,2,6.6,0,4,1
R0163,2025-09-02,9,55.0,5,4,3,6.5,2,4,1
R0163,2026-03-06,10,55.0,5,5,2,6.3,1,5,1
R0164,2025-07-01,1,85.0,5,6,0,3.8,3,0,0
R0164,2025-12-24,2,95.0,5,7,0,4.2,1,0,0
R0164,2026-06-29,2,90.0,5,6,0,4.2,2,0,0
R0165,2025-07-23,2,50.0,7,4,0,6.2,0,9,0
R0165,2026-01-11,3,45.0,8,2,1,6.9,1,9,0
R0165,2026-07-11,3,45.0,7,3,0,6.2,0,10,0
R0166,2026-03-09,1,40.0,3,8,4,8.3,1,3,1
R0166,2026-08-20,1,40.0,2,7,3,8.1,2,3,1
R0167,2026-06-03,0,80.0,5,6,0,9.1,2,1,1
R0168,2026-01-01,5,55.0,3,3,0,8.0,0,3,0
R0168,2026-06-30,5,60.0,2,4,0,7.7,1,4,0
R0169,2025-08-14,3,60.0,2,4,0,6.6,3,2,1
R0169,2026-02-17,4,55.0,2,3,0,6.1,2,3,1
R0170,2025-12-03,4,85.0,1,8,0,8.2,2,7,1
R0170,2026-06-10,6,75.0,1,7,1,8.5,3,7,1
R0171,2025-07-12,2,55.0,6,4,0,8.7,2,3,0
R0171,2026-01-23,2,60.0,6,5,2,8.4,2,4,0
R0172,2025-08-13,2,60.0,3,6,1,7.9,0,9,0
R0172,2026-02-25,2,60.0,3,6,0,8.0,1,9,0
R0173,2025-06-05,0,60.0,8,4,2,5.4,2,2,0
R0173,2025-12-12,0,65.0,8,5,1,6.3,3,3,0
R0173,2026-06-06,0,65.0,8,5,0,6.6,2,3,0
R0174,2026-01-16,2,60.0,6,3,0,5.3,3,7,0
R0175,2025-08-13,5,85.0,1,4,0,3.9,0,2,1
R0175,2026-02-08,5,75.0,1,4,0,5.4,1,1,1
R0175,2026-08-01,6,70.0,1,3,0,4.4,0,2,1
R0176,2025-05-20,2,100.0,2,6,1,6.7,4,2,1
R0176,2025-11-14,3,100.0,2,6,3,6.6,3,2,1
R0176,2026-05-04,4,100.0,2,5,2,6.7,3,3,1
R0177,2025-05-22,1,75.0,3,4,0,7.9,4,6,1
R0177,2025-11-25,1,75.0,3,5,1,7.8,4,7,1
R0177,2026-06-07,2,70.0,3,5,0,7.8,5,7,1
R0178,2025-02-01,1,55.0,3,5,0,6.4,2,1,0
R0178,2025-08-07,1,55.0,3,5,0,5.6,2,1,0
R0178,2026-02-09,1,50.0,3,5,0,6.1,1,2,0
R0179,2026-04-12,3,75.0,3,3,1,6.0,7,5,0
R0180,2025-09-04,1,100.0,5,7,0,7.1,0,5,0
R0180,2026-03-16,2,95.0,5,7,0,6.2,0,5,0
R0181,2026-02-02,5,80.0,5,4,0,7.2,3,4,0
R0182,2026-02-25,4,35.0,1,4,0,6.2,2,4,0
R0183,2025-09-11,0,85.0,5,6,2,7.1,4,3,0
R0183,2026-03-11,1,85.0,5,6,1,6.8,3,4,0
R0184,2025-10-19,3,100.0,5,12,0,8.4,1,1,0
R0184,2026-04-27,2,100.0,6,10,0,8.7,2,2,0
R0185,2025-10-13,1,75.0,3,7,1,8.3,6,7,0
R0185,2026-04-14,1,70.0,4,6,1,7.8,5,7,0
R0186,2026-04-05,0,70.0,2,6,0,6.2,1,7,0
R0187,2026-04-08,2,80.0,0,2,0,7.4,2,4,0
R0188,2025-12-08,3,50.0,1,3,0,7.6,4,2,0
R0188,2026-06-01,3,55.0,1,3,0,7.4,4,3,0
R0189,2026-01-16,3,50.0,5,2,0,8.7,2,6,1
R0190,2024-09-16,3,55.0,6,4,0,7.4,4,4,0
R0190,2025-03-23,3,60.0,6,3,0,8.0,4,5,0
R0190,2025-09-18,3,50.0,6,4,0,8.4,6,4,0
R0190,2026-03-09,3,55.0,6,4,0,7.8,5,5,0
R0191,2026-01-15,0,55.0,2,6,0,7.8,1,6,1
R0191,2026-07-18,0,45.0,2,5,1,7.4,2,6,1
R0192,2025-09-18,0,70.0,6,12,0,3.0,1,3,1
R0192,2026-03-15,2,60.0,5,12,0,3.5,0,3,1
R0193,2026-08-13,3,90.0,5,5,1,7.6,3,7,0
R0194,2025-07-22,1,50.0,3,5,0,8.8,2,8,1
R0194,2026-01-18,2,50.0,2,2,1,9.1,4,7,1
R0194,2026-07-23,3,50.0,2,3,1,8.7,3,8,1
R0195,2026-05-27,8,100.0,3,6,0,6.9,5,6,1
R0196,2026-08-17,1,55.0,3,6,0,7.6,5,3,0
R0197,2025-08-08,0,100.0,1,7,0,7.4,0,5,1
R0197,2026-01-24,2,95.0,1,6,0,7.7,1,5,1
R0198,2024-07-30,2,65.0,6,6,1,5.4,4,6,0
R0198,2025-01-26,4,70.0,6,6,0,5.3,3,6,0
R0198,2025-07-27,3,65.0,6,5,0,4.2,2,7,0
R0198,2026-01-18,3,65.0,6,6,0,5.3,3,7,0
R0199,2026-07-03,1,95.0,4,7,0,8.0,1,3,0
R0200,2025-06-01,2,60.0,3,4,0,7.7,0,1,0
R0200,2025-12-05,2,65.0,4,4,0,7.6,0,2,0
R0200,2026-06-03,2,65.0,3,4,0,7.7,0,2,0
R0201,2025-08-07,4,100.0,4,8,0,7.4,6,2,0
R0201,2026-02-06,4,100.0,5,7,0,6.6,5,2,0
R0202,2026-03-29,0,90.0,4,7,0,5.8,5,5,0
R0203,2026-01-31,0,65.0,4,5,0,8.5,2,11,1
R0204,2025-02-04,1,30.0,3,6,0,7.4,4,4,1
R0204,2025-08-05,3,25.0,3,9,0,7.4,3,5,1
R0204,2026-02-02,4,25.0,3,8,2,7.4,4,5,1
R0205,2026-01-31,0,80.0,8,2,0,6.9,5,0,0
R0205,2026-08-05,0,75.0,8,2,0,6.5,4,0,0
R0206,2026-05-14,6,30.0,5,3,1,6.5,1,4,1
R0207,2024-10-16,1,75.0,5,5,1,7.5,5,7,0
R0207,2025-04-05,2,80.0,6,3,0,8.0,5,7,0
R0207,2025-10-09,1,80.0,6,4,2,7.4,4,7,0
R0207,2026-04-06,2,80.0,6,4,1,7.7,4,8,0
R0208,2025-12-19,1,45.0,6,9,0,7.3,3,3,0
R0208,2026-06-14,1,40.0,6,10,0,6.8,4,3,0
R0209,2025-08-06,1,45.0,5,8,1,4.9,3,3,0
R0209,2026-01-21,1,50.0,5,6,1,5.1,3,4,0
R0210,2026-02-14,2,55.0,4,7,0,7.0,1,5,0
R0211,2026-01-24,1,5.0,7,5,0,7.5,1,4,1
R0211,2026-07-29,3,0.0,6,6,1,7.6,2,5,1
R0212,2026-07-27,2,55.0,3,7,1,6.5,1,3,0
R0213,2025-08-09,1,60.0,5,5,0,7.1,0,0,0
R0213,2026-02-01,1,60.0,5,6,0,6.6,0,0,0
R0213,2026-07-30,1,65.0,5,5,0,7.5,1,1,0
R0214,2026-06-27,5,55.0,3,5,2,9.7,1,4,1
R0215,2026-08-27,1,65.0,3,3,0,8.5,3,5,0
R0216,2026-06-01,6,80.0,1,8,3,3.8,1,5,1
R0217,2025-04-15,7,85.0,1,6,0,5.5,6,4,1
R0217,2025-10-12,8,70.0,0,6,1,5.8,5,4,1
R0217,2026-04-02,9,65.0,0,6,0,6.1,5,5,1
R0218,2025-10-13,2,100.0,3,4,1,8.2,1,5,0
R0218,2026-04-13,2,100.0,3,4,0,8.5,2,5,0
R0219,2024-08-23,5,80.0,3,6,0,6.6,1,2,0
R0219,2025-03-05,6,85.0,3,6,0,7.0,3,2,0
R0219,2025-08-28,7,80.0,2,5,0,6.8,3,2,0
R0219,2026-02-24,6,85.0,3,6,0,6.9,2,2,0
R0220,2026-04-29,1,60.0,5,4,0,9.3,4,4,0
R0221,2025-01-31,0,75.0,5,8,0,7.9,3,3,0
R0221,2025-07-18,1,70.0,5,7,0,7.6,4,4,0
R0221,2026-01-15,2,70.0,5,9,0,7.6,4,4,0
R0222,2024-11-11,2,45.0,5,7,0,6.1,4,8,0
R0222,2025-05-09,2,55.0,5,8,0,5.9,5,8,0
R0222,2025-11-16,1,55.0,5,7,0,6.5,3,8,0
R0222,2026-05-11,2,50.0,5,6,0,5.7,4,8,0
R0223,2025-07-15,0,45.0,3,2,4,6.1,3,2,0
R0223,2026-01-09,0,50.0,1,3,5,5.6,4,2,0
R0223,2026-07-19,0,40.0,2,3,4,5.9,4,2,0
R0224,2026-08-13,1,60.0,6,7,0,8.7,4,6,1
R0225,2025-08-28,4,100.0,2,2,0,8.3,2,7,1
R0225,2026-02-23,4,100.0,2,4,0,8.0,1,8,1
R0226,2025-11-26,0,100.0,6,5,0,5.7,4,8,0
R0226,2026-05-29,0,90.0,6,6,0,5.9,5,9,0
R0227,2026-02-20,0,65.0,4,2,1,7.7,1,4,1
R0227,2026-09-05,1,55.0,3,2,0,7.1,0,5,1
R0228,2026-08-16,0,70.0,3,5,0,7.6,2,6,1
R0229,2025-02-02,4,75.0,3,6,0,8.3,4,6,0
R0229,2025-07-29,3,70.0,2,4,1,7.9,4,6,0
R0229,2026-02-07,4,65.0,3,5,1,7.6,3,6,0
R0230,2026-07-26,0,75.0,7,10,0,6.8,6,5,0
R0231,2025-04-01,0,80.0,4,5,0,5.2,0,1,0
R0231,2025-09-22,0,70.0,4,4,0,5.6,0,2,0
R0231,2026-03-28,0,75.0,4,6,0,5.2,1,2,0
R0232,2026-06-02,1,75.0,6,6,0,6.0,5,4,0
R0233,2026-01-30,4,40.0,6,4,1,6.3,3,4,0
R0234,2025-09-19,5,60.0,2,6,1,4.6,1,1,1
R0234,2026-03-19,6,60.0,2,5,3,4.7,2,1,1
R0235,2025-11-06,7,60.0,1,5,0,6.4,4,10,1
R0235,2026-05-12,8,50.0,1,4,1,7.1,3,10,1
R0236,2024-11-05,1,55.0,2,4,0,6.2,2,0,1
R0236,2025-05-06,2,50.0,2,4,0,6.1,3,0,1
R0236,2025-11-01,2,35.0,1,4,0,6.6,3,0,1
R0236,2026-05-13,4,35.0,1,4,0,6.1,3,0,1
R0237,2025-05-18,0,30.0,6,5,0,6.3,1,7,0
R0237,2025-11-12,1,20.0,6,3,0,6.6,2,7,0
R0237,2026-05-08,0,20.0,6,5,1,6.6,1,8,0
R0238,2025-10-20,3,65.0,2,6,0,6.7,2,4,1
R0238,2026-04-12,4,65.0,1,6,1,6.4,1,5,1
R0239,2025-07-26,6,55.0,1,4,0,5.1,1,2,1
R0239,2026-01-20,6,45.0,1,2,0,5.2,0,2,1
R0240,2025-03-02,3,95.0,3,5,0,5.8,2,5,1
R0240,2025-09-09,4,80.0,3,7,0,6.7,4,4,1
R0240,2026-03-08,7,80.0,3,6,0,6.3,3,5,1
R0241,2026-06-09,2,90.0,4,5,2,4.5,7,4,0
R0242,2026-01-24,2,100.0,4,5,0,6.8,1,4,0
R0242,2026-07-25,1,100.0,4,4,2,7.8,0,5,0
R0243,2024-11-28,0,95.0,7,6,2,5.1,2,4,0
R0243,2025-06-02,1,95.0,6,5,3,5.0,3,5,0
R0243,2025-11-24,0,95.0,6,6,1,6.0,3,5,0
R0243,2026-05-22,0,95.0,6,5,2,5.8,2,5,0
R0244,2025-08-05,2,90.0,3,2,0,8.7,1,4,0
R0244,2026-02-08,2,85.0,3,2,0,8.4,0,4,0
R0245,2026-02-11,3,80.0,4,2,0,7.5,0,3,0
R0245,2026-08-08,2,80.0,4,3,0,7.3,1,3,0
R0246,2025-02-07,3,90.0,1,9,0,9.3,0,6,1
R0246,2025-08-04,4,85.0,0,10,0,9.7,1,7,1
R0246,2026-01-24,5,80.0,0,9,0,9.1,0,6,1
R0246,2026-08-02,6,70.0,0,9,0,9.1,0,7,1
R0247,2025-04-30,4,100.0,3,12,0,8.1,2,4,0
R0247,2025-10-30,4,95.0,3,13,0,8.1,2,5,0
R0247,2026-04-12,4,100.0,3,11,0,8.1,2,5,0
R0248,2025-07-11,3,20.0,2,5,0,10.3,0,2,1
R0248,2026-01-08,4,20.0,2,6,2,10.6,1,1,1
R0248,2026-07-03,5,15.0,2,5,1,10.6,1,2,1
R0249,2025-12-12,0,45.0,8,7,0,8.1,3,9,0
R0249,2026-06-14,0,55.0,8,8,1,7.5,2,9,0
R0250,2026-01-31,3,80.0,4,2,0,6.5,4,9,0
R0250,2026-07-17,2,85.0,4,3,0,6.2,4,9,0
R0251,2026-02-01,2,80.0,4,5,0,4.0,3,8,1
R0251,2026-08-07,3,70.0,4,4,0,4.0,2,8,1
R0252,2025-06-18,0,100.0,3,10,4,5.4,2,6,1
R0252,2025-12-27,1,100.0,3,12,3,5.2,1,7,1
R0252,2026-06-22,2,100.0,3,10,2,5.3,2,7,1
R0253,2025-06-24,0,60.0,5,7,0,7.6,2,4,1
R0253,2025-12-12,0,50.0,6,8,2,6.9,1,3,1
R0253,2026-06-18,1,45.0,6,7,4,7.4,2,4,1
R0254,2025-02-21,0,45.0,4,3,2,6.7,4,2,0
R0254,2025-08-20,0,45.0,4,5,1,7.0,4,3,0
R0254,2026-02-12,0,45.0,4,4,0,6.9,3,3,0
R0254,2026-08-17,0,45.0,4,4,1,6.9,3,3,0
R0255,2026-02-06,0,65.0,0,3,1,10.3,1,4,1
R0255,2026-07-28,1,60.0,1,3,2,10.2,0,5,1
R0256,2026-01-18,2,70.0,6,2,0,7.4,2,2,0
R0257,2025-12-29,5,65.0,3,3,0,5.6,4,6,1
R0257,2026-06-26,6,65.0,3,2,0,5.8,4,7,1
R0258,2025-02-20,1,70.0,8,6,0,9.0,4,3,1
R0258,2025-08-26,2,70.0,7,5,0,8.7,4,3,1
R0258,2026-02-25,3,70.0,7,6,0,9.6,4,2,1
R0258,2026-08-23,3,65.0,7,5,1,9.2,3,3,1
R0259,2026-06-03,5,15.0,3,5,0,5.2,3,11,1
R0260,2024-10-11,2,70.0,4,3,1,8.2,4,3,0
R0260,2025-04-08,3,65.0,4,4,0,7.8,2,3,0
R0260,2025-10-14,4,65.0,4,1,0,7.5,4,4,0
R0260,2026-04-12,3,65.0,4,3,0,7.6,3,4,0
R0261,2025-11-16,6,60.0,0,5,1,10.5,6,2,1
R0261,2026-05-27,7,60.0,0,5,1,10.2,7,3,1
R0262,2025-02-17,4,70.0,2,7,0,8.6,2,9,1
R0262,2025-08-11,5,60.0,2,6,0,8.5,2,10,1
R0262,2026-02-04,6,55.0,2,7,1,8.5,2,10,1
R0263,2026-02-24,0,90.0,3,7,0,7.7,2,2,0
R0264,2026-08-19,3,60.0,3,8,1,9.7,1,6,1
R0265,2026-01-06,5,65.0,6,5,0,6.3,2,2,1
R0265,2026-07-10,6,60.0,6,6,0,6.3,3,3,1
R0266,2026-01-11,5,25.0,3,11,0,4.7,2,6,1
R0266,2026-07-17,5,30.0,3,13,0,5.7,3,6,1
R0267,2025-10-16,7,55.0,2,9,0,3.0,6,1,1
R0267,2026-04-08,7,50.0,2,9,0,3.7,5,2,1
R0268,2026-02-02,4,75.0,4,5,0,5.1,7,4,1
R0269,2024-08-30,1,70.0,8,9,0,7.9,2,3,0
R0269,2025-02-17,3,70.0,8,9,1,7.7,2,4,0
R0269,2025-08-24,2,70.0,8,8,1,7.8,4,4,0
R0269,2026-02-21,2,70.0,8,9,1,7.6,3,4,0
R0270,2026-02-23,6,60.0,4,3,0,5.0,3,7,0
R0271,2025-05-29,1,60.0,4,10,2,6.9,5,2,0
R0271,2025-12-02,1,60.0,4,7,2,5.9,4,2,0
R0271,2026-06-06,1,60.0,4,8,1,5.7,4,3,0
R0272,2025-08-17,3,100.0,2,6,0,8.4,2,8,1
R0272,2026-01-30,3,100.0,2,6,0,8.7,2,8,1
R0273,2026-01-01,1,85.0,3,5,1,6.0,2,6,0
R0273,2026-06-24,1,80.0,4,4,1,6.0,2,6,0
R0274,2026-04-29,1,90.0,2,5,1,7.5,2,6,0
R0275,2025-10-20,4,65.0,3,5,0,8.2,3,2,0
R0275,2026-05-09,4,60.0,4,5,0,8.6,3,3,0
R0276,2025-09-13,1,60.0,6,6,0,8.5,1,10,0
R0276,2026-03-07,1,55.0,7,7,0,8.6,2,10,0
R0277,2025-05-11,0,80.0,3,7,2,3.8,2,2,1
R0277,2025-11-27,1,75.0,3,6,2,4.2,3,3,1
R0277,2026-05-11,2,70.0,2,6,1,4.6,2,3,1
R0278,2024-09-16,2,65.0,6,8,2,9.0,0,3,0
R0278,2025-03-05,2,65.0,5,10,0,8.8,2,2,0
R0278,2025-09-16,2,65.0,6,8,0,8.8,2,3,0
R0278,2026-03-15,2,65.0,6,9,0,8.6,1,3,0
R0279,2025-06-09,0,70.0,4,1,0,8.4,1,2,0
R0279,2025-12-13,1,60.0,4,2,0,8.4,2,2,0
R0279,2026-06-05,0,60.0,4,2,0,8.5,2,3,0
R0280,2025-01-04,1,75.0,8,1,0,8.5,3,5,0
R0280,2025-06-28,2,70.0,8,4,0,8.6,2,5,0
R0280,2026-01-01,3,65.0,8,1,0,8.9,1,4,0
R0280,2026-07-02,2,70.0,8,2,0,8.7,2,5,0
R0281,2026-06-01,5,55.0,3,5,2,6.3,3,4,1
R0282,2025-07-17,2,80.0,4,11,0,7.5,0,7,0
R0282,2026-01-28,2,80.0,5,10,0,7.1,2,6,0
R0282,2026-07-30,2,75.0,5,9,0,7.3,1,7,0
R0283,2025-12-12,3,100.0,7,0,0,7.6,0,5,0
R0283,2026-06-13,3,100.0,7,1,0,8.3,0,5,0
R0284,2026-05-27,6,55.0,3,4,0,6.2,2,7,1
R0285,2026-02-24,4,90.0,3,3,0,7.5,4,0,0
R0286,2025-08-07,0,50.0,1,8,0,8.1,1,5,1
R0286,2026-01-29,1,40.0,1,7,1,7.5,2,5,1
R0286,2026-08-05,3,35.0,1,7,1,7.6,1,6,1
R0287,2025-12-30,3,90.0,3,5,0,9.0,0,4,0
R0287,2026-07-15,2,90.0,3,5,0,8.4,1,5,0
R0288,2024-08-27,0,60.0,4,4,2,6.8,4,10,0
R0288,2025-03-01,0,60.0,5,2,3,7.4,6,11,0
R0288,2025-09-03,1,60.0,4,3,2,7.1,5,10,0
R0288,2026-02-28,1,60.0,4,3,1,7.4,5,11,0
R0289,2025-06-15,0,50.0,0,5,1,8.9,3,7,1
R0289,2025-12-24,3,45.0,0,8,0,9.0,2,6,1
R0289,2026-06-26,3,40.0,0,7,1,8.9,2,7,1
R0290,2026-02-28,4,75.0,2,2,0,8.7,2,5,1
R0290,2026-08-24,6,65.0,2,5,0,9.0,2,6,1
R0291,2026-08-29,6,45.0,2,7,0,6.5,1,7,1
R0292,2024-08-05,1,70.0,7,5,1,6.1,0,0,0
R0292,2025-02-06,2,65.0,6,4,1,6.8,2,1,0
R0292,2025-08-05,3,65.0,6,6,1,7.1,1,1,0
R0292,2026-02-14,2,65.0,6,5,1,6.9,1,1,0
R0293,2025-02-19,3,65.0,7,1,0,7.4,3,0,0
R0293,2025-08-23,4,55.0,7,2,0,7.9,4,0,0
R0293,2026-02-24,3,60.0,7,3,0,7.4,4,1,0
R0294,2025-10-23,1,100.0,4,7,0,5.3,4,3,0
R0294,2026-04-25,1,100.0,4,7,0,5.8,4,3,0
R0295,2025-06-17,2,100.0,5,8,0,5.0,1,2,1
R0295,2025-12-21,4,100.0,4,7,0,5.1,3,2,1
R0295,2026-06-23,4,95.0,4,8,0,5.5,2,2,1
R0296,2025-12-22,5,70.0,8,6,0,6.1,3,3,0
R0296,2026-06-22,4,65.0,8,6,0,5.7,3,3,0
R0297,2025-02-04,3,100.0,2,5,1,7.7,2,6,1
R0297,2025-07-22,4,100.0,3,3,0,7.4,3,6,1
R0297,2026-01-30,4,95.0,3,5,0,7.6,3,7,1
R0298,2025-08-06,3,40.0,1,5,0,7.8,0,4,1
R0298,2026-01-22,5,35.0,2,6,2,7.9,1,4,1
R0298,2026-08-01,5,30.0,1,5,0,7.9,1,4,1
R0299,2025-11-25,1,90.0,4,6,3,7.7,1,7,0
R0299,2026-05-30,0,90.0,3,6,1,7.6,1,7,0
R0300,2025-06-05,0,80.0,4,6,0,5.4,1,0,0
R0300,2025-12-23,0,75.0,4,5,0,5.7,0,1,0
R0300,2026-06-12,0,80.0,4,5,0,5.5,1,1,0
R0301,2025-04-16,0,85.0,8,4,0,4.1,4,3,0
R0301,2025-10-16,0,90.0,7,3,0,4.2,5,3,0
R0301,2026-04-14,1,90.0,7,3,1,4.4,5,4,0
R0302,2025-12-16,6,65.0,5,6,3,9.5,3,7,1
R0302,2026-06-18,7,55.0,5,7,0,8.9,2,8,1
R0303,2025-06-15,4,100.0,3,6,1,3.7,4,2,1
R0303,2025-12-04,6,100.0,3,6,2,4.2,5,2,1
R0303,2026-06-12,6,100.0,3,5,1,4.0,4,3,1
R0304,2025-12-24,0,95.0,4,9,0,7.4,3,4,0
R0304,2026-06-17,0,100.0,4,8,1,7.5,2,4,0
R0305,2026-02-17,0,65.0,5,3,0,6.6,2,7,0
R0305,2026-08-31,1,65.0,5,5,1,6.5,2,7,0
R0306,2026-02-21,5,80.0,4,4,0,9.9,1,2,0
R0306,2026-08-25,5,75.0,4,3,0,9.4,1,3,0
R0307,2025-11-03,2,70.0,5,5,0,6.0,2,0,0
R0307,2026-05-02,2,65.0,5,6,1,5.8,1,1,0
R0308,2026-05-18,1,15.0,2,7,0,9.2,2,8,1
R0309,2025-07-01,5,80.0,3,2,3,9.3,0,5,1
R0309,2025-12-30,5,80.0,2,3,3,9.3,2,4,1
R0309,2026-06-24,7,65.0,2,2,4,8.9,1,5,1
R0310,2024-12-06,3,80.0,6,4,1,8.7,2,2,1
R0310,2025-06-03,5,65.0,5,4,2,8.6,2,1,1
R0310,2025-12-11,7,75.0,6,1,0,8.6,2,1,1
R0310,2026-06-14,7,60.0,5,3,1,8.1,2,2,1
R0311,2026-04-01,2,100.0,5,4,0,7.1,2,5,0
R0312,2025-03-08,3,85.0,8,8,0,6.2,5,4,0
R0312,2025-09-10,1,85.0,8,8,0,6.0,4,4,0
R0312,2026-03-01,2,80.0,8,7,0,6.4,4,4,0
R0313,2025-01-21,2,80.0,5,2,2,10.1,1,0,1
R0313,2025-07-22,2,85.0,4,3,0,9.2,3,0,1
R0313,2026-01-26,3,75.0,5,3,2,9.9,2,1,1
R0314,2025-03-28,3,60.0,2,2,4,8.6,0,2,1
R0314,2025-10-06,3,60.0,1,3,1,9.4,2,2,1
R0314,2026-04-01,3,55.0,1,3,3,9.1,1,3,1
R0315,2025-08-13,4,95.0,5,4,2,8.0,2,5,0
R0315,2026-02-28,2,95.0,5,4,1,7.9,2,5,0
R0315,2026-08-28,3,90.0,5,4,1,7.6,2,6,0
R0316,2025-02-28,3,100.0,3,5,1,5.4,1,5,1
R0316,2025-08-28,4,90.0,2,6,0,6.1,3,5,1
R0316,2026-02-21,4,95.0,3,6,1,6.0,1,5,1
R0316,2026-08-28,5,90.0,3,5,0,6.2,2,6,1
R0317,2025-07-14,3,100.0,8,5,0,7.9,4,5,0
R0317,2026-01-17,2,95.0,8,5,0,7.7,3,6,0
R0318,2024-10-07,0,80.0,6,3,2,7.5,3,3,0
R0318,2025-04-12,1,80.0,6,2,0,6.6,3,4,0
R0318,2025-10-15,1,80.0,6,4,2,6.7,4,3,0
R0318,2026-04-17,1,75.0,6,3,1,7.1,4,4,0
R0319,2026-01-15,4,60.0,5,10,0,5.2,5,5,0
R0319,2026-07-29,5,55.0,5,10,0,5.9,5,6,0
R0320,2025-02-08,4,75.0,4,1,0,5.7,6,3,0
R0320,2025-08-02,5,75.0,2,4,0,6.9,5,2,0
R0320,2026-01-23,4,85.0,4,2,0,6.6,5,3,0
R0320,2026-07-31,4,80.0,3,2,0,6.2,5,3,0
R0321,2026-01-06,0,100.0,4,0,0,6.7,4,4,0
R0321,2026-06-25,0,100.0,4,1,0,6.6,5,4,0
R0322,2025-01-03,1,100.0,4,11,0,10.0,3,7,1
R0322,2025-07-11,1,100.0,3,10,2,10.2,1,7,1
R0322,2026-01-12,2,95.0,4,10,0,9.4,2,7,1
R0323,2025-04-14,1,90.0,7,7,0,7.3,3,2,0
R0323,2025-10-02,1,85.0,6,7,1,7.3,3,3,0
R0323,2026-04-18,1,85.0,6,6,0,7.5,3,3,0
R0324,2025-12-09,6,70.0,4,7,1,5.3,4,0,1
R0324,2026-06-14,6,65.0,3,6,2,5.9,4,0,1
R0325,2025-02-22,3,100.0,3,9,1,9.6,4,4,0
R0325,2025-08-23,3,95.0,4,8,0,8.7,5,4,0
R0325,2026-02-24,3,100.0,4,8,0,8.8,5,5,0
R0326,2025-06-16,2,70.0,4,10,0,7.1,2,3,0
R0326,2025-12-03,3,85.0,4,13,1,6.9,0,4,0
R0326,2026-06-11,3,75.0,4,11,1,7.0,1,4,0
R0327,2025-07-17,3,70.0,2,6,0,10.1,1,3,1
R0327,2026-01-17,2,60.0,1,4,1,10.2,0,2,1
R0327,2026-07-10,4,60.0,1,4,0,9.9,1,3,1
R0328,2025-03-27,0,95.0,8,2,0,6.1,2,4,0
R0328,2025-09-30,0,100.0,8,1,1,6.1,0,5,0
R0328,2026-04-04,0,100.0,8,3,1,5.7,1,5,0
R0329,2025-04-18,5,95.0,0,5,2,5.8,2,7,1
R0329,2025-11-01,5,85.0,0,5,2,5.9,3,7,1
R0329,2026-05-03,7,75.0,0,4,1,5.9,2,7,1
R0330,2025-01-16,1,90.0,5,10,0,7.6,3,5,0
R0330,2025-07-04,0,90.0,5,10,0,6.9,2,5,0
R0330,2026-01-13,1,90.0,5,10,0,7.3,2,6,0
R0331,2026-06-28,1,55.0,6,7,0,5.8,0,8,0
R0332,2026-08-31,2,60.0,5,6,2,5.4,2,5,0
R0333,2026-02-20,7,35.0,0,7,0,5.0,1,2,1
R0334,2026-09-02,1,50.0,7,2,0,8.3,3,10,0
R0335,2025-09-23,9,65.0,3,7,0,4.2,3,5,1
R0335,2026-03-18,10,60.0,3,5,1,4.5,2,6,1
R0336,2025-03-05,3,100.0,4,1,0,5.0,0,3,0
R0336,2025-08-29,2,100.0,4,2,1,4.9,0,2,0
R0336,2026-03-04,2,95.0,4,3,0,5.3,1,3,0
R0337,2025-01-13,2,80.0,4,8,0,8.0,0,6,0
R0337,2025-07-05,3,70.0,4,6,0,7.8,1,6,0
R0337,2026-01-07,2,75.0,5,6,1,7.5,0,7,0
R0338,2025-12-17,1,55.0,1,6,0,7.4,3,3,0
R0338,2026-06-06,1,55.0,1,5,0,7.2,2,4,0
R0339,2026-05-20,7,95.0,2,5,0,7.8,1,8,1
R0340,2025-08-28,1,90.0,4,2,1,7.4,0,3,0
R0340,2026-03-04,1,85.0,4,2,0,6.9,1,3,0
R0341,2025-04-21,4,85.0,5,7,0,8.2,3,3,0
R0341,2025-10-25,4,85.0,5,8,0,7.7,2,3,0
R0341,2026-04-17,4,80.0,5,7,0,8.0,2,3,0
R0342,2025-10-29,0,90.0,6,7,0,7.1,4,0,0
R0342,2026-05-10,1,90.0,6,6,0,7.3,5,0,0
R0343,2025-02-08,1,85.0,6,4,0,6.5,1,8,0
R0343,2025-08-15,1,70.0,5,2,0,6.6,3,8,0
R0343,2026-02-19,1,75.0,5,2,0,6.5,2,8,0
R0344,2026-03-20,1,70.0,4,9,0,6.4,5,3,0
R0345,2026-01-21,2,65.0,7,5,0,7.4,2,4,0
R0346,2026-08-23,1,70.0,4,4,0,6.3,1,3,0
R0347,2024-12-16,2,75.0,3,8,0,5.7,6,2,0
R0347,2025-06-22,2,70.0,3,7,0,6.4,6,2,0
R0347,2026-01-01,3,70.0,4,8,0,5.3,5,2,0
R0347,2026-06-16,3,75.0,3,8,0,6.1,5,2,0
R0348,2024-09-24,4,55.0,4,11,1,8.2,0,5,1
R0348,2025-03-20,4,45.0,4,10,2,8.0,0,4,1
R0348,2025-09-18,6,50.0,4,10,0,8.0,1,5,1
R0348,2026-04-04,6,40.0,4,10,1,7.9,1,5,1
R0349,2025-07-09,3,95.0,3,0,0,8.0,4,8,0
R0349,2026-01-01,3,100.0,3,0,0,8.1,4,7,0
R0349,2026-06-30,3,100.0,3,0,0,8.3,4,8,0
R0350,2026-01-28,5,100.0,3,2,0,6.1,4,8,0
R0351,2025-08-21,2,55.0,4,4,0,8.0,1,3,1
R0351,2026-02-26,3,55.0,4,6,0,7.5,2,3,1
R0352,2026-02-20,4,100.0,1,5,2,8.6,4,0,1
R0352,2026-08-16,4,100.0,1,6,1,8.2,3,1,1
R0353,2026-02-01,0,100.0,6,4,1,6.5,4,4,0
R0354,2025-03-10,4,55.0,5,6,1,7.7,2,4,0
R0354,2025-08-24,4,65.0,5,5,2,7.5,4,4,0
R0354,2026-02-25,4,55.0,5,6,1,8.2,3,5,0
R0355,2025-09-01,0,80.0,2,6,0,7.0,5,6,0
R0355,2026-03-13,0,95.0,2,4,0,7.7,4,6,0
R0355,2026-09-08,0,85.0,2,6,0,7.6,4,6,0
R0356,2025-08-10,0,65.0,2,0,0,6.3,3,5,0
R0356,2026-02-10,0,65.0,2,1,1,7.0,3,6,0
R0357,2024-10-22,3,75.0,2,6,0,6.9,1,2,1
R0357,2025-04-29,4,70.0,1,5,1,7.2,0,3,1
R0357,2025-10-16,4,60.0,2,6,0,6.5,1,2,1
R0357,2026-04-22,5,60.0,1,6,0,6.5,1,3,1
R0358,2026-07-30,5,65.0,4,8,0,7.6,3,7,1
R0359,2025-08-09,0,90.0,5,6,1,4.8,2,4,0
R0359,2026-02-06,0,80.0,6,5,0,5.3,2,4,0
R0359,2026-08-14,0,85.0,5,5,1,5.1,2,4,0
R0360,2026-07-08,2,65.0,5,2,0,9.3,4,5,1
R0361,2024-11-27,0,75.0,4,6,0,8.0,3,4,0
R0361,2025-06-01,0,70.0,4,4,0,7.8,2,5,0
R0361,2025-11-30,0,80.0,4,6,1,8.0,2,5,0
R0361,2026-06-03,0,75.0,4,5,0,8.1,2,5,0
R0362,2025-07-21,5,80.0,4,9,0,6.7,0,2,0
R0362,2026-01-14,5,85.0,4,7,0,7.4,1,2,0
R0362,2026-07-23,5,80.0,4,8,0,7.0,1,3,0
R0363,2024-11-25,0,75.0,6,4,0,7.2,2,4,0
R0363,2025-05-31,0,75.0,6,2,0,6.5,1,4,0
R0363,2025-11-24,0,70.0,6,3,0,6.4,3,4,0
R0363,2026-05-23,0,75.0,6,4,0,6.3,2,5,0
R0364,2025-12-27,7,25.0,2,1,0,8.5,3,0,1
R0364,2026-07-09,7,15.0,2,2,1,9.0,3,1,1
R0365,2026-08-21,3,45.0,2,3,2,5.7,4,6,1
R0366,2024-12-16,3,90.0,7,3,0,7.0,0,5,0
R0366,2025-06-10,5,80.0,7,5,0,6.6,0,5,0
R0366,2025-12-16,4,85.0,7,5,0,7.1,1,5,0
R0366,2026-06-28,4,80.0,7,4,0,7.1,0,6,0
R0367,2025-09-13,6,40.0,4,5,0,7.8,0,7,1
R0367,2026-03-09,7,30.0,3,6,1,8.7,1,8,1
R0368,2025-10-14,6,100.0,0,6,0,4.4,2,1,1
R0368,2026-04-13,7,100.0,0,7,1,4.1,3,1,1
R0369,2026-06-02,2,100.0,5,7,1,7.5,4,6,0
R0370,2025-01-31,3,50.0,4,3,0,6.3,2,3,0
R0370,2025-08-02,4,60.0,5,3,1,5.9,0,2,0
R0370,2026-01-26,3,55.0,4,2,0,6.5,1,3,0
R0371,2025-01-14,2,40.0,4,7,1,6.0,3,12,0
R0371,2025-07-16,1,30.0,4,6,2,5.9,3,11,0
R0371,2026-01-09,1,30.0,4,3,1,5.5,2,11,0
R0371,2026-07-08,2,30.0,4,6,2,5.3,3,12,0
R0372,2025-03-12,2,95.0,6,3,1,5.9,1,4,0
R0372,2025-09-20,4,85.0,5,4,1,6.6,1,4,0
R0372,2026-03-17,2,90.0,5,5,0,6.6,2,4,0
R0373,2025-11-05,3,100.0,4,3,0,7.8,2,2,0
R0373,2026-05-18,2,100.0,4,3,0,7.5,3,2,0
R0374,2024-08-21,2,55.0,3,3,2,7.0,1,9,1
R0374,2025-02-14,2,50.0,3,2,1,5.7,1,8,1
R0374,2025-08-19,4,45.0,2,2,1,5.6,2,9,1
R0374,2026-02-14,4,45.0,3,2,1,6.1,2,9,1
R0375,2025-09-03,4,95.0,6,5,0,7.3,1,4,0
R0375,2026-03-11,5,100.0,6,3,0,7.3,2,4,0
R0376,2025-03-01,0,65.0,4,5,0,8.0,1,2,0
R0376,2025-09-08,0,60.0,4,1,0,8.7,1,2,0
R0376,2026-02-24,0,65.0,4,4,0,8.1,0,2,0
R0377,2026-07-19,2,90.0,1,6,0,6.5,3,4,0
R0378,2025-07-29,2,100.0,3,6,2,8.6,0,7,0
R0378,2026-02-09,3,100.0,4,5,1,8.2,0,7,0
R0379,2025-09-16,1,80.0,4,6,1,7.3,5,5,0
R0379,2026-03-07,2,85.0,4,8,1,7.0,4,6,0
R0380,2026-05-31,0,70.0,8,6,0,7.9,5,5,0
R0381,2026-03-10,6,0.0,2,10,0,7.6,1,6,1
R0381,2026-08-29,7,0.0,2,9,1,7.0,0,7,1
R0382,2025-04-01,5,85.0,6,6,0,9.3,4,0,1
R0382,2025-10-10,4,80.0,6,4,0,8.8,4,1,1
R0382,2026-04-11,5,75.0,6,6,0,8.6,4,1,1
R0383,2026-03-05,1,85.0,5,5,0,6.2,2,7,0
R0384,2024-09-01,1,75.0,0,1,1,7.9,5,8,1
R0384,2025-02-27,2,65.0,0,4,1,8.2,5,8,1
R0384,2025-09-05,4,60.0,0,4,1,8.1,4,7,1
R0384,2026-03-11,5,50.0,0,4,1,8.1,4,8,1
R0385,2026-01-11,0,95.0,5,3,0,6.6,2,5,0
R0385,2026-07-09,1,95.0,5,3,0,7.2,3,6,0
R0386,2025-07-21,1,70.0,3,5,0,9.1,2,6,0
R0386,2026-01-03,0,75.0,3,5,1,8.4,2,6,0
R0386,2026-07-09,1,70.0,3,5,0,8.5,2,7,0
R0387,2026-02-15,4,55.0,4,7,1,8.3,1,4,1
R0388,2024-10-17,3,90.0,3,7,0,6.4,2,3,0
R0388,2025-04-28,3,95.0,2,8,0,7.0,2,3,0
R0388,2025-10-24,3,95.0,2,6,1,5.9,1,3,0
R0388,2026-04-28,3,90.0,2,7,0,6.3,2,3,0
R0389,2026-01-18,2,75.0,5,2,0,7.1,1,1,0
R0389,2026-07-28,2,80.0,6,3,0,6.9,0,2,0
R0390,2026-06-14,0,65.0,2,8,1,5.4,0,4,0
R0391,2025-09-11,5,95.0,1,9,0,6.9,0,7,1
R0391,2026-03-11,6,85.0,1,9,0,7.4,1,7,1
R0391,2026-08-22,7,80.0,1,7,0,7.2,0,8,1
R0392,2025-10-04,5,50.0,1,4,1,8.8,3,4,1
R0392,2026-04-10,6,50.0,1,4,1,9.8,2,5,1
R0393,2025-12-26,6,80.0,5,4,0,7.8,0,9,0
R0393,2026-06-30,6,80.0,4,5,0,7.3,1,10,0
R0394,2026-08-29,0,90.0,7,5,0,7.8,1,3,0
R0395,2026-01-23,2,95.0,3,4,0,6.8,1,4,1
R0395,2026-07-16,2,85.0,3,4,3,7.0,0,5,1
R0396,2025-09-14,1,100.0,4,5,0,9.3,7,1,0
R0396,2026-03-18,2,100.0,3,6,0,9.1,6,1,0
R0397,2025-12-09,5,55.0,2,4,3,6.8,1,12,1
R0397,2026-06-12,5,55.0,2,3,2,7.0,2,12,1
R0398,2025-02-23,5,95.0,0,7,0,6.8,2,3,0
R0398,2025-08-25,5,100.0,0,4,1,7.8,3,3,0
R0398,2026-02-09,5,100.0,0,7,1,7.6,3,4,0
R0399,2025-01-16,2,50.0,5,5,0,8.8,1,3,1
R0399,2025-07-21,3,45.0,4,3,2,10.2,3,2,1
R0399,2026-02-02,4,45.0,4,5,1,9.3,2,3,1
R0400,2026-07-16,4,80.0,4,7,0,7.0,2,13,1
R0401,2025-08-27,5,75.0,5,8,0,7.1,2,2,0
R0401,2026-03-12,6,70.0,5,6,0,7.1,3,3,0
R0402,2025-02-19,2,75.0,3,7,0,6.6,1,2,0
R0402,2025-08-10,1,70.0,3,8,2,6.1,3,2,0
R0402,2026-02-03,3,75.0,3,8,0,6.1,1,3,0
R0402,2026-08-20,2,75.0,3,7,1,6.5,2,3,0
R0403,2026-02-05,0,55.0,7,5,1,5.4,4,4,0
R0404,2025-09-06,0,85.0,3,8,0,8.3,4,1,0
R0404,2026-03-15,0,85.0,4,7,0,8.0,3,2,0
R0405,2026-03-31,2,75.0,3,3,0,8.0,3,6,1
R0406,2026-08-05,0,100.0,5,2,0,4.4,1,3,0
R0407,2025-08-17,0,65.0,4,2,0,9.7,1,4,1
R0407,2026-03-01,0,55.0,4,2,1,8.8,1,5,1
R0407,2026-08-27,0,55.0,4,2,2,9.0,1,5,1
R0408,2026-05-03,1,60.0,4,8,1,6.4,5,3,0
R0409,2026-01-30,4,75.0,5,4,2,5.0,2,7,1
R0410,2026-01-28,2,70.0,5,2,0,5.0,3,3,0
R0411,2025-04-15,6,10.0,2,7,2,5.7,1,6,1
R0411,2025-10-22,8,15.0,2,7,0,6.0,0,7,1
R0411,2026-04-17,8,0.0,2,6,1,6.2,1,7,1
R0412,2026-05-27,4,75.0,0,0,2,4.8,4,9,1
R0413,2025-08-29,2,80.0,7,4,0,7.2,0,7,0
R0413,2026-02-19,3,70.0,7,4,0,8.1,2,6,0
R0413,2026-08-27,3,70.0,7,3,1,8.1,1,7,0
R0414,2025-03-30,4,55.0,2,1,0,7.8,0,3,0
R0414,2025-09-19,5,55.0,2,2,0,8.4,0,3,0
R0414,2026-03-23,4,55.0,2,2,0,8.3,0,4,0
R0415,2025-06-07,1,90.0,6,8,0,9.2,6,3,0
R0415,2025-12-08,0,100.0,6,8,0,9.7,5,3,0
R0415,2026-06-11,1,95.0,6,8,0,9.5,5,3,0
R0416,2025-10-16,0,95.0,4,4,0,5.2,0,7,0
R0416,2026-04-17,0,95.0,4,5,2,5.3,0,7,0
R0417,2026-08-23,3,50.0,3,4,1,7.7,3,7,0
R0418,2024-08-13,0,55.0,3,6,1,6.4,3,5,0
R0418,2025-02-12,1,55.0,2,9,0,6.0,3,5,0
R0418,2025-08-30,1,50.0,2,7,1,7.3,5,5,0
R0418,2026-03-01,1,50.0,2,6,0,6.3,4,5,0
R0419,2026-04-29,3,100.0,4,3,0,4.6,3,2,0
R0420,2025-01-23,4,60.0,0,3,0,6.2,1,9,0
R0420,2025-07-27,2,65.0,1,1,0,6.0,3,9,0
R0420,2026-01-28,3,55.0,0,2,0,6.1,2,10,0
R0421,2024-09-10,1,100.0,4,3,0,7.7,2,5,1
R0421,2025-03-11,1,100.0,4,4,0,7.0,3,4,1
R0421,2025-08-28,2,100.0,4,4,0,7.7,3,4,1
R0421,2026-03-05,3,90.0,4,4,1,7.4,2,5,1
R0422,2024-09-05,4,85.0,4,3,0,7.8,1,4,1
R0422,2025-02-27,4,85.0,3,3,0,8.3,2,4,1
R0422,2025-08-31,6,80.0,4,2,0,8.5,3,4,1
R0422,2026-03-05,6,75.0,3,3,0,8.5,2,5,1
R0423,2024-08-14,1,65.0,3,5,0,8.4,2,1,1
R0423,2025-02-11,2,65.0,3,5,0,8.2,3,2,1
R0423,2025-08-04,3,45.0,4,6,1,8.4,1,2,1
R0423,2026-02-11,4,45.0,3,5,0,8.5,2,2,1
R0424,2025-05-31,2,70.0,2,7,1,8.1,4,9,0
R0424,2025-11-28,0,65.0,1,5,0,7.6,5,9,0
R0424,2026-05-28,1,70.0,2,6,0,7.8,4,9,0
R0425,2026-01-11,4,85.0,5,3,0,6.8,3,4,0
R0426,2026-03-14,5,60.0,2,8,0,9.4,2,5,1
R0427,2024-09-14,1,60.0,4,3,0,8.5,3,5,1
R0427,2025-03-31,3,50.0,4,3,0,8.5,2,4,1
R0427,2025-09-22,4,55.0,4,3,0,8.3,3,4,1
R0427,2026-04-01,4,45.0,3,4,0,8.7,2,5,1
R0428,2026-05-04,5,30.0,2,5,0,6.9,3,4,1
R0429,2024-12-22,6,90.0,4,4,1,8.6,0,2,1
R0429,2025-06-22,6,80.0,4,6,0,7.9,0,3,1
R0429,2025-12-25,8,75.0,4,5,0,7.9,0,2,1
R0429,2026-07-03,9,60.0,4,5,0,8.2,1,3,1
R0430,2025-08-25,2,85.0,4,3,0,8.0,0,0,0
R0430,2026-02-25,2,95.0,4,3,0,8.1,1,0,0
R0431,2026-02-23,8,35.0,1,5,0,5.7,3,7,1
R0432,2025-08-22,1,100.0,6,6,0,6.6,2,6,0
R0432,2026-02-26,1,100.0,6,7,0,6.2,2,7,0
R0433,2025-07-26,1,65.0,4,7,0,5.7,2,4,0
R0433,2026-02-04,2,65.0,4,8,0,6.9,4,4,0
R0433,2026-08-02,3,65.0,4,7,0,6.4,3,5,0
R0434,2026-02-24,4,75.0,4,11,1,7.5,4,3,0
R0435,2026-02-04,2,65.0,6,5,2,8.2,3,9,0
R0436,2025-09-07,3,85.0,5,3,1,7.0,2,2,0
R0436,2026-03-12,4,80.0,4,4,1,6.9,3,3,0
R0437,2025-03-11,1,70.0,5,1,0,8.7,1,4,0
R0437,2025-09-18,2,65.0,5,2,0,8.4,0,5,0
R0437,2026-03-15,2,60.0,5,2,0,8.4,1,5,0
R0438,2025-10-04,4,100.0,6,5,0,5.0,6,1,0
R0438,2026-04-19,4,100.0,6,6,0,4.8,6,2,0
R0439,2025-07-15,6,85.0,0,4,1,7.6,4,2,0
R0439,2026-01-28,6,85.0,1,5,0,8.4,2,3,0
R0439,2026-07-24,7,80.0,0,5,1,8.1,3,3,0
R0440,2024-07-03,1,60.0,8,7,0,7.8,3,10,0
R0440,2025-01-12,2,65.0,8,7,0,7.6,2,10,0
R0440,2025-07-03,3,50.0,8,8,0,8.1,1,9,0
R0440,2026-01-11,2,55.0,8,6,0,8.1,2,10,0
R0441,2025-08-29,4,60.0,0,3,3,8.4,2,3,1
R0441,2026-02-12,5,50.0,0,2,2,8.2,1,3,1
R0442,2026-02-01,3,60.0,4,6,0,10.6,3,5,1
R0442,2026-07-26,3,50.0,4,4,0,9.9,4,5,1
R0443,2026-07-07,0,60.0,4,8,1,8.3,3,6,0
R0444,2026-02-07,0,65.0,4,5,0,5.7,4,4,0
R0445,2025-07-23,5,50.0,5,2,2,7.6,1,4,1
R0445,2026-01-22,5,45.0,4,3,2,7.5,0,4,1
R0446,2026-08-20,0,80.0,1,1,1,8.2,1,7,1
R0447,2025-04-15,2,95.0,2,8,1,9.7,3,2,1
R0447,2025-10-02,3,90.0,2,9,3,9.5,3,2,1
R0447,2026-04-17,3,85.0,2,7,1,9.9,3,3,1
R0448,2025-12-02,6,60.0,5,3,1,4.8,3,4,1
R0448,2026-06-10,7,55.0,5,4,0,4.6,3,4,1
R0449,2025-12-22,1,85.0,5,2,1,5.9,3,3,0
R0449,2026-06-25,0,85.0,5,2,1,6.5,4,4,0
R0450,2025-02-18,1,50.0,7,5,1,7.8,1,4,0
R0450,2025-08-17,2,50.0,7,5,1,7.4,3,3,0
R0450,2026-02-08,2,55.0,8,7,0,7.8,3,4,0
R0450,2026-08-14,2,50.0,7,6,1,7.6,2,4,0
R0451,2026-07-21,7,65.0,4,7,1,9.6,4,4,1
R0452,2026-02-12,3,50.0,3,4,0,7.4,7,3,1
R0452,2026-07-26,5,50.0,3,5,0,7.3,7,3,1
R0453,2025-11-13,2,30.0,1,9,1,7.9,1,2,1
R0453,2026-05-15,3,20.0,0,8,1,8.3,2,3,1
R0454,2025-12-28,1,55.0,7,2,1,6.1,0,1,0
R0454,2026-07-06,1,45.0,7,4,0,6.4,1,2,0
R0455,2026-05-27,6,20.0,5,3,0,9.6,1,5,1
R0456,2025-09-09,5,90.0,2,2,2,7.7,3,3,1
R0456,2026-03-20,7,80.0,2,2,2,7.7,3,4,1
R0457,2026-08-28,2,55.0,4,6,2,6.3,1,3,1
R0458,2025-07-15,2,70.0,0,5,0,5.1,2,4,1
R0458,2025-12-31,2,70.0,1,3,0,5.0,0,4,1
R0458,2026-06-30,4,60.0,0,4,0,5.3,1,4,1
R0459,2025-02-13,3,30.0,3,9,1,6.5,5,8,1
R0459,2025-08-14,3,25.0,2,8,1,6.1,6,7,1
R0459,2026-02-06,5,20.0,3,10,1,6.4,4,7,1
R0459,2026-08-12,5,15.0,2,9,1,6.5,5,8,1
R0460,2025-07-07,4,60.0,3,6,1,7.8,3,3,1
R0460,2026-01-08,4,50.0,3,6,2,6.7,2,2,1
R0460,2026-06-26,5,45.0,3,5,1,6.8,2,3,1
R0461,2025-07-03,2,100.0,4,4,0,10.5,3,4,0
R0461,2026-01-02,2,100.0,3,5,1,10.4,4,5,0
R0461,2026-06-24,2,100.0,3,4,1,10.4,3,5,0
R0462,2025-12-27,2,100.0,7,6,1,6.8,2,1,0
R0462,2026-07-02,1,95.0,7,6,1,7.6,1,1,0
R0463,2025-08-08,1,55.0,0,5,0,8.4,4,5,1
R0463,2026-02-02,3,40.0,1,5,0,7.9,2,5,1
R0463,2026-08-15,4,35.0,0,5,0,8.2,3,6,1
R0464,2026-02-15,0,85.0,7,3,0,7.8,0,3,0
R0464,2026-08-08,0,85.0,8,3,0,7.5,1,4,0
R0465,2025-02-04,2,35.0,3,2,0,7.1,1,3,0
R0465,2025-07-27,3,35.0,3,4,0,6.8,2,4,0
R0465,2026-02-07,1,35.0,3,3,1,7.3,2,3,0
R0465,2026-07-28,2,40.0,3,3,0,7.3,1,4,0
R0466,2025-08-19,1,75.0,5,6,1,5.8,3,3,1
R0466,2026-02-14,1,70.0,5,6,1,5.7,3,3,1
R0467,2025-12-21,2,75.0,6,7,1,7.9,4,2,0
R0467,2026-06-18,3,75.0,6,5,0,8.0,3,2,0
R0468,2025-11-08,0,85.0,3,8,1,6.9,4,4,0
R0468,2026-05-11,1,75.0,3,7,1,6.1,4,5,0
R0469,2024-08-24,0,45.0,3,6,0,6.6,1,7,1
R0469,2025-02-26,0,45.0,2,5,1,6.7,3,6,1
R0469,2025-08-25,0,50.0,2,8,0,6.7,3,6,1
R0469,2026-02-27,0,40.0,2,7,0,6.9,2,7,1
R0470,2025-04-21,0,65.0,4,8,0,9.8,5,8,1
R0470,2025-10-29,0,60.0,4,8,0,9.8,3,8,1
R0470,2026-04-30,0,55.0,4,7,0,9.4,4,9,1
R0471,2026-06-26,2,60.0,3,5,0,8.6,4,2,0
R0472,2025-01-11,2,95.0,5,3,0,5.6,1,3,0
R0472,2025-07-08,3,100.0,5,2,0,6.0,2,3,0
R0472,2026-01-11,1,100.0,5,3,0,6.2,2,2,0
R0472,2026-07-05,3,95.0,5,3,0,6.0,2,3,0
R0473,2025-11-12,1,60.0,7,7,1,7.5,2,2,0
R0473,2026-05-16,2,55.0,7,7,2,7.3,1,3,0
R0474,2024-08-29,0,100.0,1,7,0,7.7,3,5,1
R0474,2025-03-02,0,100.0,2,7,0,7.9,2,5,1
R0474,2025-09-04,0,100.0,1,7,0,7.7,1,5,1
R0474,2026-03-01,0,100.0,1,7,0,7.7,2,5,1
R0475,2025-05-14,2,80.0,2,7,0,6.6,2,10,1
R0475,2025-11-12,4,80.0,2,4,1,7.1,2,9,1
R0475,2026-05-19,4,70.0,2,5,3,6.6,2,10,1
R0476,2025-01-11,6,100.0,5,6,0,4.7,4,3,0
R0476,2025-07-14,5,100.0,3,7,0,4.8,4,4,0
R0476,2026-01-15,5,100.0,4,7,0,4.9,5,4,0
R0477,2025-05-15,2,80.0,5,3,0,7.4,1,2,1
R0477,2025-11-12,2,80.0,4,1,0,8.1,2,2,1
R0477,2026-05-02,3,65.0,4,3,0,8.1,1,3,1
R0478,2024-12-29,3,100.0,4,4,0,5.3,7,4,0
R0478,2025-06-28,2,100.0,3,4,0,5.6,7,3,0
R0478,2025-12-17,3,95.0,4,6,1,5.0,5,3,0
R0478,2026-06-18,3,100.0,3,5,0,5.4,6,4,0
R0479,2026-05-23,5,70.0,3,3,0,7.3,3,5,0
R0480,2026-05-17,5,60.0,6,1,0,8.2,4,2,0
R0481,2025-07-16,2,65.0,4,4,0,4.9,0,5,0
R0481,2026-01-20,3,70.0,4,3,0,5.5,1,6,0
R0482,2026-02-15,8,95.0,2,3,1,6.6,3,6,1
R0483,2026-01-18,6,80.0,0,2,0,7.5,1,4,0
R0483,2026-08-02,6,70.0,0,1,0,7.2,1,4,0
R0484,2026-07-09,5,45.0,7,4,0,7.1,3,5,1
R0485,2026-02-07,4,100.0,5,5,0,6.8,3,1,0
R0486,2025-02-24,0,70.0,4,2,0,6.1,5,7,0
R0486,2025-08-10,0,75.0,4,4,0,5.6,4,6,0
R0486,2026-02-11,0,70.0,4,5,0,6.0,4,7,0
R0487,2024-07-22,4,25.0,7,9,0,5.7,3,2,1
R0487,2025-01-28,3,15.0,6,7,1,5.8,2,2,1
R0487,2025-07-26,5,15.0,5,9,0,5.6,2,2,1
R0487,2026-01-21,5,10.0,6,8,1,5.7,3,3,1
R0488,2025-04-09,0,60.0,7,10,1,5.8,4,5,0
R0488,2025-10-02,0,65.0,7,10,2,6.2,3,4,0
R0488,2026-04-05,0,60.0,7,8,0,6.2,4,5,0
R0489,2026-01-11,6,85.0,3,5,2,10.0,0,5,1
R0489,2026-07-17,8,70.0,3,7,3,10.2,1,5,1
R0490,2026-01-14,6,55.0,0,6,0,8.1,2,6,1
R0491,2025-01-24,3,95.0,8,6,0,10.4,4,4,0
R0491,2025-07-10,3,100.0,8,5,0,10.4,4,3,0
R0491,2026-01-20,3,100.0,8,6,0,9.8,2,3,0
R0491,2026-07-11,3,100.0,8,5,0,10.6,3,4,0
R0492,2025-07-22,2,45.0,4,2,0,7.3,4,4,0
R0492,2026-01-29,3,45.0,5,3,0,7.3,2,5,0
R0492,2026-07-25,3,40.0,4,4,0,7.5,3,5,0
R0493,2026-02-02,2,40.0,1,4,0,7.5,2,8,0
R0493,2026-08-11,3,45.0,1,5,1,7.7,2,9,0
R0494,2025-11-13,2,100.0,4,3,0,5.8,2,7,0
R0494,2026-05-17,3,100.0,4,3,1,5.8,3,7,0
R0495,2026-02-11,4,75.0,3,9,2,7.4,2,3,1
R0496,2025-09-07,1,55.0,7,5,2,6.2,3,6,1
R0496,2026-02-26,1,60.0,6,4,1,5.9,4,5,1
R0496,2026-08-31,2,50.0,6,5,0,5.9,3,6,1
R0497,2026-04-01,3,95.0,5,6,0,5.8,1,5,0
R0498,2025-11-22,3,85.0,4,3,0,6.4,5,6,0
R0498,2026-05-13,3,80.0,4,3,0,7.4,4,7,0
R0499,2026-08-18,2,95.0,3,6,1,5.0,4,6,1
R0500,2025-08-20,0,80.0,1,7,1,6.1,0,4,0
R0500,2026-02-15,0,80.0,1,8,0,6.3,2,4,0
R0500,2026-08-10,0,75.0,1,7,0,5.6,1,4,0
R0501,2024-07-28,0,95.0,4,3,0,6.0,1,3,0
R0501,2025-01-20,1,90.0,4,3,0,6.0,2,2,0
R0501,2025-07-27,2,100.0,4,3,1,6.7,1,3,0
R0501,2026-01-25,2,95.0,4,3,0,6.1,2,3,0
R0502,2025-01-27,0,100.0,5,12,0,7.6,4,4,0
R0502,2025-07-17,0,100.0,5,10,0,8.6,4,3,0
R0502,2026-01-29,0,95.0,5,11,0,8.0,4,4,0
R0503,2025-07-26,2,45.0,3,4,2,6.0,2,2,0
R0503,2026-02-03,3,55.0,4,4,0,5.7,1,2,0
R0503,2026-08-03,3,55.0,3,5,1,6.1,2,2,0
R0504,2026-01-14,0,100.0,6,5,2,8.2,0,6,0
R0504,2026-07-14,1,100.0,6,5,0,8.6,1,6,0
R0505,2025-08-10,3,30.0,6,6,1,9.2,5,8,1
R0505,2026-02-10,5,15.0,5,6,1,8.1,4,8,1
R0505,2026-08-26,6,15.0,5,6,1,8.6,5,8,1
R0506,2024-12-10,2,55.0,2,5,2,6.6,1,6,1
R0506,2025-06-04,2,45.0,1,6,0,7.3,0,5,1
R0506,2025-12-03,4,40.0,2,4,1,7.2,0,5,1
R0506,2026-06-11,3,40.0,1,6,1,6.9,0,6,1
R0507,2026-01-06,3,55.0,1,9,1,6.1,6,4,1
R0508,2026-01-27,0,70.0,2,4,1,8.0,2,6,0
R0508,2026-07-26,0,75.0,2,5,2,8.7,2,6,0
R0509,2025-01-23,0,35.0,7,11,1,8.6,1,4,1
R0509,2025-08-04,0,35.0,6,10,0,9.2,1,5,1
R0509,2026-01-27,0,30.0,6,10,0,8.8,2,4,1
R0509,2026-07-26,1,20.0,6,10,1,9.3,2,5,1
R0510,2026-03-05,6,70.0,0,3,0,11.3,2,7,1
R0511,2025-01-02,1,90.0,6,3,1,4.2,2,5,0
R0511,2025-06-30,2,80.0,6,5,0,5.8,2,4,0
R0511,2025-12-23,1,80.0,6,5,1,5.0,3,4,0
R0511,2026-07-01,2,85.0,6,5,1,5.0,3,5,0
R0512,2025-07-28,0,70.0,4,5,0,7.7,3,6,0
R0512,2026-01-24,0,55.0,4,7,0,6.5,4,5,0
R0512,2026-07-21,0,65.0,4,6,0,7.2,4,6,0
R0513,2025-03-11,2,100.0,8,10,0,5.9,0,4,0
R0513,2025-08-26,3,100.0,8,8,0,6.1,0,3,0
R0513,2026-02-21,2,100.0,8,8,0,6.2,1,4,0
R0514,2026-07-15,6,45.0,3,4,1,6.2,3,5,0
R0515,2026-01-26,0,65.0,5,2,1,6.7,7,12,0
R0515,2026-08-01,0,65.0,5,2,0,7.4,7,12,0
R0516,2025-07-03,1,70.0,4,3,0,6.6,1,3,0
R0516,2026-01-05,0,70.0,4,3,0,6.6,1,2,0
R0516,2026-06-30,1,65.0,4,3,1,6.8,2,3,0
R0517,2025-05-19,6,85.0,5,3,1,3.8,4,6,1
R0517,2025-11-17,7,75.0,5,4,0,3.8,4,6,1
R0517,2026-05-27,8,70.0,5,4,1,3.9,3,6,1
R0518,2024-12-21,1,90.0,8,4,2,7.7,2,2,0
R0518,2025-06-19,1,90.0,8,6,0,7.8,0,2,0
R0518,2025-12-13,3,85.0,8,5,1,7.5,0,3,0
R0518,2026-06-17,2,85.0,8,4,1,7.7,1,3,0
R0519,2025-11-01,5,90.0,6,6,0,7.7,2,6,0
R0519,2026-04-27,5,85.0,5,6,1,7.1,2,6,0
R0520,2025-06-03,0,85.0,4,9,0,7.6,3,7,0
R0520,2025-11-26,0,80.0,3,9,0,6.8,3,6,0
R0520,2026-05-27,0,80.0,4,10,0,6.5,2,7,0
R0521,2024-10-15,5,90.0,1,5,0,6.3,2,3,0
R0521,2025-04-15,4,95.0,1,6,2,5.8,2,3,0
R0521,2025-10-21,5,85.0,2,5,0,5.5,3,4,0
R0521,2026-04-29,5,90.0,1,6,0,6.0,3,4,0
R0522,2025-01-23,0,100.0,7,3,0,6.4,1,4,0
R0522,2025-07-13,1,95.0,7,1,0,6.7,3,3,0
R0522,2026-01-22,0,95.0,7,1,0,6.5,2,4,0
R0523,2025-08-21,1,65.0,3,3,1,9.0,5,3,1
R0523,2026-02-13,4,50.0,4,0,1,8.7,4,2,1
R0523,2026-08-27,4,45.0,3,1,2,8.4,4,3,1
R0524,2025-04-09,4,70.0,4,8,0,8.9,0,5,1
R0524,2025-09-29,4,65.0,4,7,0,9.2,2,4,1
R0524,2026-04-03,5,60.0,4,7,0,9.0,1,5,1
R0525,2026-02-07,2,35.0,2,6,1,6.0,2,5,1
R0525,2026-07-26,2,35.0,2,7,2,6.5,2,5,1
R0526,2025-03-16,0,80.0,4,5,1,8.1,2,1,0
R0526,2025-09-25,1,75.0,4,5,2,7.5,0,0,0
R0526,2026-03-12,0,75.0,4,5,0,7.6,1,1,0
R0527,2025-05-25,3,55.0,2,3,0,3.9,3,4,0
R0527,2025-11-30,4,40.0,2,2,0,4.6,3,5,0
R0527,2026-05-25,3,45.0,2,4,0,4.7,2,5,0
R0528,2026-07-11,4,100.0,5,5,0,6.4,0,4,0
R0529,2025-08-02,0,100.0,8,6,0,7.4,1,3,0
R0529,2026-01-22,1,95.0,8,6,0,7.7,1,2,0
R0529,2026-07-23,1,100.0,8,6,0,7.7,1,3,0
R0530,2026-08-24,1,65.0,2,8,3,7.7,5,5,1
R0531,2024-10-10,2,95.0,2,3,0,7.2,2,3,0
R0531,2025-04-05,3,90.0,2,5,1,7.7,2,4,0
R0531,2025-09-28,2,85.0,2,7,0,7.7,3,3,0
R0531,2026-03-30,2,90.0,2,5,0,7.8,2,4,0
R0532,2025-02-14,1,70.0,5,2,0,6.8,1,5,1
R0532,2025-08-20,2,65.0,4,2,0,7.1,1,4,1
R0532,2026-02-15,1,60.0,4,2,1,7.3,1,5,1
R0532,2026-08-22,3,60.0,4,2,1,7.1,2,5,1
R0533,2026-03-02,0,30.0,2,6,0,8.2,0,0,0
R0533,2026-08-29,0,30.0,3,6,0,7.9,1,1,0
R0534,2025-02-03,2,40.0,3,8,3,5.9,1,8,1
R0534,2025-08-01,2,40.0,4,6,2,5.8,3,9,1
R0534,2026-01-30,3,25.0,3,7,2,5.8,2,9,1
R0535,2024-11-15,1,100.0,4,4,2,4.8,1,9,1
R0535,2025-05-14,3,95.0,4,6,0,4.4,2,8,1
R0535,2025-11-20,3,90.0,3,3,0,4.6,1,8,1
R0535,2026-05-22,4,85.0,4,4,1,4.8,1,9,1
R0536,2024-12-16,1,85.0,2,3,0,8.0,3,2,0
R0536,2025-06-30,2,75.0,1,2,0,9.0,5,1,0
R0536,2025-12-14,1,75.0,1,3,0,8.4,3,2,0
R0536,2026-06-23,1,80.0,1,2,0,8.2,4,2,0
R0537,2025-01-04,1,100.0,2,5,0,6.3,0,5,0
R0537,2025-07-14,1,100.0,2,4,0,6.4,0,5,0
R0537,2026-01-05,1,100.0,2,5,0,6.4,1,5,0
R0538,2026-02-20,6,100.0,3,2,1,6.1,5,6,1
R0539,2025-04-19,2,65.0,3,3,0,5.5,2,5,1
R0539,2025-10-14,3,55.0,3,6,2,5.3,1,5,1
R0539,2026-04-14,4,50.0,2,5,1,5.4,2,5,1
R0540,2025-10-30,3,80.0,6,3,0,7.7,2,8,0
R0540,2026-04-28,3,80.0,6,2,0,7.6,3,8,0
R0541,2025-07-14,4,65.0,5,6,0,8.2,3,6,1
R0541,2026-01-30,5,65.0,4,7,0,8.1,4,6,1
R0542,2026-07-27,2,60.0,0,10,1,6.9,2,3,0
R0543,2026-05-18,3,100.0,8,5,1,8.1,1,4,0
R0544,2025-12-30,1,30.0,1,5,1,5.9,3,3,0
R0544,2026-06-15,1,30.0,1,3,0,6.4,4,4,0
R0545,2025-01-24,1,45.0,5,4,0,8.0,4,7,0
R0545,2025-07-14,1,40.0,5,5,0,7.7,5,7,0
R0545,2026-01-18,2,45.0,5,4,0,7.9,4,7,0
R0546,2026-07-10,3,100.0,5,10,0,6.2,1,5,0
R0547,2025-04-14,5,90.0,1,5,0,8.7,2,5,1
R0547,2025-10-29,7,85.0,1,4,1,9.1,2,4,1
R0547,2026-04-13,7,80.0,0,4,0,8.8,2,5,1
R0548,2025-12-07,0,80.0,3,6,0,7.5,2,5,0
R0548,2026-06-11,0,75.0,3,5,0,8.0,2,6,0
R0549,2026-03-31,8,70.0,5,4,0,4.3,2,6,1
R0550,2024-08-13,1,60.0,5,7,1,5.9,0,9,0
R0550,2025-01-26,1,60.0,5,5,0,5.6,0,9,0
R0550,2025-08-06,2,50.0,5,5,1,6.3,2,8,0
R0550,2026-01-27,2,55.0,5,6,0,5.7,1,9,0
R0551,2026-03-04,3,100.0,3,7,0,6.9,0,4,0
R0551,2026-08-28,3,95.0,3,6,0,6.5,0,4,0
R0552,2026-01-28,3,75.0,4,5,1,9.0,0,5,1
R0552,2026-07-29,3,70.0,3,4,2,8.9,0,6,1
R0553,2025-07-06,3,65.0,5,4,0,7.0,2,3,0
R0553,2025-12-29,3,60.0,5,3,0,7.3,2,4,0
R0553,2026-06-21,3,65.0,5,4,0,7.5,2,4,0
R0554,2026-02-21,5,30.0,7,2,2,4.8,2,7,1
R0555,2025-07-24,5,80.0,3,6,0,7.0,4,2,0
R0555,2026-01-30,5,80.0,3,5,0,7.4,4,2,0
R0556,2026-08-26,1,90.0,5,7,0,5.7,3,4,0
R0557,2024-11-01,0,100.0,6,3,1,6.2,3,3,1
R0557,2025-04-26,1,100.0,7,3,1,7.1,3,3,1
R0557,2025-10-27,1,100.0,7,3,0,6.6,4,2,1
R0557,2026-04-20,2,100.0,6,3,1,6.5,3,3,1
R0558,2026-01-15,5,75.0,0,5,0,6.6,2,5,1
R0558,2026-07-26,6,70.0,0,5,0,6.2,2,5,1
R0559,2025-02-19,4,55.0,3,3,0,4.5,2,5,1
R0559,2025-08-10,4,40.0,2,5,0,4.2,2,5,1
R0559,2026-02-09,6,35.0,2,5,0,4.5,2,5,1
R0560,2025-11-26,5,65.0,6,0,0,6.3,1,4,0
R0560,2026-05-30,6,55.0,6,1,0,6.4,2,5,0
R0561,2025-06-12,1,30.0,2,3,1,5.3,5,3,1
R0561,2025-12-09,2,30.0,2,3,2,4.4,6,3,1
R0561,2026-05-31,3,30.0,2,3,2,4.9,5,3,1
R0562,2024-11-11,4,50.0,1,2,1,6.2,5,3,0
R0562,2025-05-02,4,50.0,2,2,1,6.0,4,3,0
R0562,2025-10-31,5,50.0,2,3,0,6.3,5,3,0
R0562,2026-04-30,4,50.0,2,1,2,6.3,5,3,0
R0563,2026-04-07,4,75.0,6,6,0,6.3,1,1,0
R0564,2025-02-25,2,60.0,6,5,0,4.6,3,3,0
R0564,2025-08-23,1,60.0,6,4,1,5.6,3,3,0
R0564,2026-02-09,2,55.0,6,4,0,5.3,3,3,0
R0565,2025-02-25,3,100.0,0,4,0,6.1,4,3,0
R0565,2025-08-13,2,100.0,0,4,0,7.3,3,3,0
R0565,2026-02-14,1,100.0,0,3,0,6.9,5,3,0
R0565,2026-08-08,3,100.0,0,5,0,6.9,4,4,0
R0566,2024-08-20,1,100.0,5,4,0,8.5,4,6,0
R0566,2025-02-10,1,95.0,6,5,0,7.8,3,6,0
R0566,2025-08-06,2,95.0,6,4,1,7.4,2,6,0
R0566,2026-02-05,2,95.0,5,4,0,7.7,3,6,0
R0567,2025-12-15,1,95.0,7,2,0,7.0,3,4,0
R0567,2026-06-18,2,90.0,7,1,0,6.7,2,5,0
R0568,2025-09-06,2,95.0,6,4,1,8.9,3,3,0
R0568,2026-02-28,2,100.0,6,5,0,8.6,4,2,0
R0568,2026-09-10,2,95.0,6,4,0,8.4,4,3,0
R0569,2025-05-11,2,75.0,2,7,2,6.7,3,11,1
R0569,2025-11-17,4,60.0,3,5,2,7.7,3,11,1
R0569,2026-05-16,4,60.0,2,5,2,7.3,3,11,1
R0570,2026-02-09,3,30.0,2,6,0,4.7,6,8,1
R0570,2026-08-04,3,20.0,1,6,0,4.5,5,8,1
R0571,2024-10-13,2,80.0,4,7,0,8.0,1,4,0
R0571,2025-04-18,3,70.0,4,6,1,7.6,1,4,0
R0571,2025-10-12,4,85.0,4,7,0,7.7,0,4,0
R0571,2026-04-25,3,75.0,4,6,0,7.9,0,5,0
R0572,2024-09-25,1,60.0,4,7,0,7.9,4,5,1
R0572,2025-03-31,2,55.0,3,7,0,8.5,2,5,1
R0572,2025-09-22,4,55.0,4,6,1,8.2,4,4,1
R0572,2026-04-08,4,45.0,3,6,1,8.3,3,5,1
R0573,2024-12-16,0,100.0,8,1,0,6.3,1,5,0
R0573,2025-06-05,0,100.0,8,4,0,6.1,3,4,0
R0573,2025-12-16,1,100.0,8,2,1,6.0,2,5,0
R0573,2026-06-13,0,100.0,8,2,0,6.4,2,5,0
R0574,2026-01-14,0,70.0,5,6,0,7.2,2,2,0
R0574,2026-07-19,0,75.0,5,5,0,6.9,1,3,0
R0575,2026-01-21,0,70.0,6,2,1,6.8,3,3,0
R0575,2026-07-26,0,65.0,6,2,0,6.5,2,4,0
R0576,2026-07-22,0,15.0,2,6,1,7.6,0,6,1
R0577,2025-09-25,8,85.0,2,3,0,5.2,2,8,1
R0577,2026-03-26,8,85.0,2,4,1,5.0,1,8,1
R0578,2025-09-04,4,100.0,5,5,1,9.2,5,3,1
R0578,2026-03-19,5,95.0,5,4,1,9.2,4,4,1
R0579,2026-01-17,5,90.0,5,5,1,6.9,3,2,1
R0580,2025-05-30,4,60.0,4,1,1,7.0,4,3,0
R0580,2025-12-05,3,60.0,3,1,0,7.1,6,4,0
R0580,2026-05-20,3,60.0,3,1,0,7.2,5,4,0
R0581,2025-08-24,0,100.0,2,6,1,8.3,1,3,0
R0581,2026-02-26,0,100.0,1,7,0,8.7,2,4,0
R0581,2026-08-31,0,100.0,1,7,0,8.5,2,4,0
R0582,2026-05-11,3,70.0,2,4,1,5.5,2,5,1
R0583,2026-04-14,0,45.0,1,0,0,8.9,3,2,1
R0584,2025-04-15,0,50.0,3,8,1,6.3,1,3,0
R0584,2025-10-24,0,50.0,4,7,1,6.3,0,4,0
R0584,2026-04-30,1,55.0,4,7,1,6.4,1,4,0
R0585,2026-08-03,7,70.0,4,6,1,9.9,3,6,1
R0586,2025-08-02,4,80.0,5,8,0,8.3,4,4,0
R0586,2026-02-17,5,80.0,5,7,0,7.4,5,5,0
R0587,2025-12-21,6,75.0,4,8,0,8.7,1,5,1
R0587,2026-06-25,6,70.0,4,8,1,8.7,2,6,1
R0588,2025-02-07,5,85.0,5,4,0,7.4,3,3,0
R0588,2025-08-12,4,85.0,4,5,2,7.6,3,3,0
R0588,2026-02-21,4,85.0,4,5,1,7.4,2,4,0
R0589,2026-01-05,3,80.0,4,4,0,7.9,1,5,0
R0590,2025-07-15,1,100.0,4,4,0,7.1,2,1,0
R0590,2026-01-13,1,100.0,4,4,0,7.0,1,2,0
R0591,2024-12-01,2,85.0,4,4,0,7.1,2,7,1
R0591,2025-06-05,2,80.0,4,4,1,6.6,4,7,1
R0591,2025-12-05,3,80.0,4,2,0,7.5,3,6,1
R0591,2026-05-20,4,75.0,3,4,2,7.0,3,7,1
R0592,2026-01-04,4,35.0,2,5,0,5.5,0,7,1
R0593,2025-09-02,7,45.0,3,4,1,8.4,1,2,1
R0593,2026-03-11,8,50.0,3,5,1,9.4,0,1,1
R0593,2026-08-23,9,35.0,3,4,1,9.0,1,2,1
R0594,2026-02-08,4,100.0,2,0,0,7.2,2,4,0
R0594,2026-07-30,4,95.0,2,3,0,7.4,3,5,0
R0595,2024-12-14,0,85.0,7,5,0,7.9,4,0,0
R0595,2025-06-17,0,90.0,7,7,0,8.2,5,1,0
R0595,2025-12-14,1,80.0,7,6,0,7.8,3,1,0
R0595,2026-06-16,0,80.0,7,6,0,8.1,4,1,0
R0596,2025-07-07,0,75.0,3,3,3,6.4,5,8,0
R0596,2026-01-15,0,65.0,2,3,0,6.0,5,8,0
R0596,2026-07-07,1,70.0,2,3,1,6.5,4,9,0
R0597,2026-05-04,7,65.0,6,5,1,5.5,4,4,1
R0598,2025-12-16,3,50.0,1,9,0,5.3,0,4,1
R0598,2026-06-15,5,40.0,0,9,1,4.9,0,5,1
R0599,2026-01-29,3,90.0,6,4,0,6.6,1,6,0
R0599,2026-08-07,3,80.0,6,4,0,6.4,2,6,0
R0600,2025-12-23,4,75.0,5,6,0,7.4,1,3,0
R0600,2026-06-07,4,75.0,5,7,1,7.5,1,4,0
R0601,2025-08-20,1,75.0,8,3,1,7.8,3,8,0
R0601,2026-02-22,1,80.0,8,4,5,7.4,5,8,0
R0601,2026-08-04,1,75.0,8,3,2,7.4,4,8,0
R0602,2025-07-24,4,85.0,4,7,1,4.1,1,4,1
R0602,2026-01-28,6,90.0,3,9,2,4.8,2,3,1
R0602,2026-08-01,6,80.0,3,8,2,4.2,1,4,1
R0603,2025-08-03,3,55.0,3,8,1,6.8,3,1,1
R0603,2026-02-09,3,50.0,2,8,1,7.1,1,0,1
R0603,2026-08-13,5,35.0,2,8,0,7.2,2,1,1
R0604,2025-09-09,0,100.0,5,3,0,6.8,3,3,0
R0604,2026-03-08,0,100.0,5,2,0,6.9,4,4,0
R0605,2025-07-28,1,85.0,5,2,0,6.4,1,3,0
R0605,2026-01-26,0,80.0,6,1,1,6.0,2,3,0
R0605,2026-07-21,0,80.0,5,3,0,6.5,1,4,0
R0606,2026-09-01,8,50.0,2,5,1,8.1,2,6,1
R0607,2025-07-02,4,75.0,6,4,0,6.2,5,2,1
R0607,2025-12-24,4,75.0,5,5,0,6.4,4,1,1
R0607,2026-07-02,6,70.0,5,4,0,6.3,4,2,1
R0608,2025-08-03,1,85.0,1,3,0,6.6,6,2,0
R0608,2026-02-10,2,80.0,1,3,1,6.3,5,3,0
R0609,2025-12-26,5,55.0,6,6,3,6.5,4,8,0
R0609,2026-07-07,4,55.0,6,5,1,6.5,3,9,0
R0610,2024-12-28,3,20.0,3,8,0,4.2,3,8,1
R0610,2025-07-06,2,10.0,2,6,1,4.5,5,8,1
R0610,2025-12-26,4,5.0,2,8,1,5.0,5,8,1
R0610,2026-07-04,5,0.0,2,7,0,4.5,4,8,1
R0611,2026-09-07,1,90.0,3,4,0,8.9,3,7,0
R0612,2026-04-29,10,20.0,0,6,1,5.7,4,1,1
R0613,2024-10-05,3,50.0,2,2,1,4.8,4,5,1
R0613,2025-04-03,3,60.0,1,5,1,4.2,4,5,1
R0613,2025-10-02,4,55.0,1,4,2,4.7,6,4,1
R0613,2026-04-02,5,45.0,1,4,2,4.5,5,5,1
R0614,2026-04-23,8,40.0,4,7,0,7.5,4,1,1
R0615,2025-08-23,0,85.0,4,4,1,7.0,2,8,0
R0615,2026-02-22,0,90.0,4,2,0,6.5,3,8,0
R0615,2026-08-20,0,85.0,4,4,1,6.7,2,9,0
R0616,2025-08-15,4,55.0,6,2,2,7.5,2,1,1
R0616,2026-02-11,4,50.0,5,1,2,7.9,3,1,1
R0616,2026-08-20,5,45.0,5,2,2,7.3,2,2,1
R0617,2025-11-02,6,100.0,4,2,1,7.5,4,5,1
R0617,2026-04-28,7,95.0,4,3,2,7.2,4,6,1
R0618,2026-02-16,4,95.0,8,3,1,7.5,5,10,0
R0619,2026-08-21,0,80.0,6,4,0,7.0,3,2,0
R0620,2026-04-08,4,45.0,3,7,2,7.2,3,7,1
R0621,2025-07-27,3,25.0,5,3,0,5.3,7,2,1
R0621,2026-01-24,4,25.0,4,4,0,4.9,7,2,1
R0622,2025-07-23,1,95.0,5,4,0,5.4,0,5,0
R0622,2026-01-22,2,95.0,5,7,0,5.7,0,6,0
R0622,2026-07-14,1,100.0,5,5,0,5.8,1,6,0
R0623,2025-03-04,4,90.0,6,6,3,6.2,0,10,1
R0623,2025-08-26,6,75.0,5,7,3,6.3,1,10,1
R0623,2026-02-21,7,65.0,5,6,2,6.6,0,11,1
R0624,2025-07-22,4,95.0,5,9,4,6.3,3,2,1
R0624,2026-01-08,5,90.0,4,10,3,6.4,2,3,1
R0625,2026-06-23,3,100.0,5,5,1,5.4,2,5,0
R0626,2025-08-20,4,100.0,2,5,0,5.0,2,5,1
R0626,2026-02-18,4,100.0,2,2,1,5.0,2,5,1
R0626,2026-07-31,5,100.0,2,5,0,4.6,3,6,1
R0627,2025-12-23,1,75.0,7,6,0,9.3,2,5,0
R0627,2026-06-21,0,70.0,8,5,0,9.0,2,5,0
R0628,2026-02-06,0,75.0,5,7,0,5.8,3,2,0
R0628,2026-08-09,0,70.0,5,7,0,5.5,2,2,0
R0629,2026-04-14,4,75.0,2,5,0,7.2,3,6,1
R0630,2026-04-28,4,35.0,3,5,0,7.1,2,4,0
R0631,2026-01-21,0,80.0,8,2,0,6.6,1,4,0
R0631,2026-07-27,0,85.0,8,3,0,6.7,1,4,0
R0632,2025-06-06,0,80.0,4,3,1,6.5,2,5,0
R0632,2025-12-09,0,75.0,4,5,1,7.5,2,6,0
R0632,2026-06-03,0,70.0,5,5,0,7.2,1,6,0
R0633,2026-06-02,3,70.0,3,4,0,5.4,0,2,1
R0634,2025-09-17,3,80.0,1,6,0,5.7,0,7,1
R0634,2026-03-16,4,80.0,2,6,1,5.6,1,8,1
R0635,2026-01-21,4,100.0,4,6,0,6.6,0,5,0
R0635,2026-07-20,3,100.0,4,4,0,6.4,0,6,0
R0636,2025-11-04,0,70.0,4,5,0,7.1,2,5,0
R0636,2026-05-19,0,75.0,4,4,0,7.0,3,6,0
R0637,2025-09-01,2,55.0,7,6,0,6.7,3,2,0
R0637,2026-03-04,1,65.0,7,4,0,6.7,3,2,0
R0637,2026-08-31,1,60.0,7,5,0,6.7,3,3,0
R0638,2025-10-08,3,35.0,2,3,0,7.0,3,4,1
R0638,2026-03-27,3,35.0,2,4,0,6.9,2,5,1
R0639,2025-05-30,0,60.0,2,5,1,7.0,0,2,0
R0639,2025-12-11,0,65.0,2,6,0,6.9,0,1,0
R0639,2026-05-27,0,60.0,2,5,0,7.0,0,2,0
R0640,2025-03-26,1,60.0,6,5,0,5.2,1,8,0
R0640,2025-09-19,1,65.0,6,6,0,5.3,1,8,0
R0640,2026-03-24,1,60.0,6,5,0,5.1,2,9,0
R0641,2026-03-20,4,70.0,1,8,2,7.2,2,5,1
R0642,2024-12-27,0,100.0,6,1,1,7.1,0,5,0
R0642,2025-06-14,0,100.0,6,1,0,7.6,0,5,0
R0642,2025-12-10,0,100.0,6,0,1,7.6,0,6,0
R0642,2026-06-20,0,100.0,6,2,0,7.8,0,6,0
R0643,2025-11-23,2,100.0,5,4,0,6.3,3,2,0
R0643,2026-05-16,3,100.0,6,3,0,6.5,3,2,0
R0644,2025-07-07,3,100.0,3,5,2,3.5,5,2,1
R0644,2026-01-15,3,100.0,3,5,0,4.1,4,2,1
R0644,2026-07-05,4,100.0,2,4,2,4.1,4,3,1
R0645,2025-07-01,2,100.0,2,3,0,6.0,2,4,0
R0645,2026-01-04,3,100.0,2,2,0,6.4,3,4,0
R0646,2024-10-17,9,35.0,4,6,1,5.9,3,5,1
R0646,2025-04-14,8,35.0,4,7,0,6.2,3,4,1
R0646,2025-10-26,9,25.0,3,5,0,4.9,5,5,1
R0646,2026-04-10,10,20.0,3,6,0,5.4,4,5,1
R0647,2025-08-11,4,45.0,2,3,3,4.5,0,4,1
R0647,2026-01-28,5,35.0,2,2,3,5.2,0,4,1
R0647,2026-07-26,7,30.0,2,2,2,5.0,0,5,1
R0648,2025-01-01,2,100.0,6,6,0,6.0,3,3,0
R0648,2025-07-07,2,100.0,5,6,0,6.0,5,3,0
R0648,2026-01-03,2,100.0,5,6,0,5.7,4,3,0
R0649,2025-02-10,1,100.0,5,3,0,9.8,3,8,1
R0649,2025-08-16,1,100.0,5,4,2,9.3,1,8,1
R0649,2026-01-31,2,100.0,5,3,1,9.3,2,9,1
R0650,2025-07-31,1,70.0,1,6,0,10.7,1,8,1
R0650,2026-01-23,1,75.0,2,6,1,10.2,0,7,1
R0650,2026-08-04,3,60.0,1,5,0,10.3,1,8,1
R0651,2026-08-06,2,95.0,4,4,1,6.7,2,0,0
R0652,2025-05-19,1,85.0,1,3,0,9.4,1,8,1
R0652,2025-11-26,2,85.0,1,2,1,8.8,2,8,1
R0652,2026-05-23,2,75.0,1,2,2,8.7,1,8,1
R0653,2026-01-27,1,80.0,4,4,0,9.0,0,9,0
R0653,2026-07-17,1,70.0,4,3,0,8.3,1,10,0
R0654,2025-12-05,2,70.0,4,4,0,7.4,2,3,0
R0654,2026-05-27,2,75.0,4,5,0,7.1,3,3,0
R0655,2025-07-31,0,60.0,5,3,0,9.8,4,5,1
R0655,2026-01-15,0,55.0,5,3,0,9.3,2,4,1
R0655,2026-07-26,0,50.0,5,3,0,9.1,3,5,1
R0656,2025-12-21,7,30.0,0,3,4,10.5,2,4,1
R0656,2026-07-01,8,25.0,0,4,2,10.6,1,5,1
R0657,2024-09-18,2,70.0,3,5,2,5.3,0,7,1
R0657,2025-04-03,1,60.0,2,6,1,5.5,0,7,1
R0657,2025-10-02,3,60.0,2,7,1,4.5,2,7,1
R0657,2026-03-27,4,55.0,2,6,3,5.3,1,7,1
R0658,2025-04-23,2,70.0,4,7,0,7.1,3,6,0
R0658,2025-10-18,1,65.0,4,6,0,7.0,1,7,0
R0658,2026-04-23,2,65.0,4,6,0,7.2,2,7,0
R0659,2025-02-14,0,85.0,3,5,0,7.6,2,4,0
R0659,2025-08-01,0,90.0,3,5,0,6.7,2,5,0
R0659,2026-02-06,0,85.0,3,4,0,7.4,3,5,0
R0660,2026-02-27,4,20.0,3,6,0,3.4,3,5,1
R0660,2026-08-21,3,10.0,3,5,0,3.5,3,6,1
R0661,2025-04-25,0,85.0,4,3,0,9.3,1,4,1
R0661,2025-10-20,3,80.0,5,3,0,9.9,1,4,1
R0661,2026-04-29,3,80.0,4,3,1,9.6,1,4,1
R0662,2026-01-11,0,70.0,1,9,0,6.1,3,10,1
R0662,2026-07-09,0,65.0,1,7,0,6.1,3,11,1
R0663,2025-02-15,1,100.0,2,5,1,7.7,2,9,1
R0663,2025-08-15,0,100.0,2,6,1,8.0,4,10,1
R0663,2026-02-22,3,90.0,2,6,1,7.6,3,10,1
R0664,2025-12-17,5,65.0,4,7,0,7.0,4,3,0
R0664,2026-06-25,4,65.0,4,8,0,6.7,3,4,0
R0665,2025-08-01,0,75.0,4,3,1,7.1,4,5,0
R0665,2026-01-30,0,90.0,4,3,2,6.8,3,5,0
R0665,2026-07-24,0,80.0,4,3,1,7.6,4,6,0
R0666,2025-05-02,2,75.0,4,8,0,8.5,1,8,1
R0666,2025-11-05,3,70.0,4,8,0,7.7,3,8,1
R0666,2026-05-06,4,65.0,4,8,0,7.3,2,8,1
R0667,2025-11-04,1,50.0,7,5,1,7.9,1,1,0
R0667,2026-04-29,1,50.0,7,5,0,7.4,1,1,0
R0668,2026-08-20,2,80.0,2,6,1,8.3,4,2,0
R0669,2026-06-22,2,50.0,3,7,0,7.4,0,4,0
R0670,2024-10-30,3,85.0,1,0,1,8.1,4,9,0
R0670,2025-05-15,4,85.0,0,0,0,8.2,2,9,0
R0670,2025-11-02,4,80.0,0,2,0,8.2,2,9,0
R0670,2026-05-02,4,80.0,0,1,0,7.8,3,10,0
R0671,2025-02-15,5,95.0,4,4,1,6.2,5,1,0
R0671,2025-08-30,4,95.0,5,6,0,6.8,5,0,0
R0671,2026-03-01,4,95.0,5,5,0,6.7,4,1,0
R0672,2025-11-13,1,95.0,6,9,0,8.5,2,2,0
R0672,2026-05-21,2,95.0,6,8,0,8.3,2,3,0
R0673,2025-09-23,5,30.0,3,9,2,9.1,0,8,1
R0673,2026-03-15,6,25.0,3,7,1,8.6,1,9,1
R0674,2025-03-09,0,75.0,7,5,0,5.8,2,6,0
R0674,2025-09-24,1,75.0,7,6,0,6.1,2,5,0
R0674,2026-03-20,1,70.0,7,6,1,6.0,3,6,0
R0675,2025-08-31,4,75.0,4,7,4,7.8,2,4,1
R0675,2026-02-26,4,70.0,4,8,3,7.2,3,4,1
R0676,2025-11-26,0,100.0,4,7,1,6.2,5,5,0
R0676,2026-06-03,0,100.0,3,6,2,6.6,4,5,0
R0677,2024-07-12,2,100.0,1,2,0,8.0,6,4,0
R0677,2025-01-25,2,100.0,1,4,0,9.4,6,4,0
R0677,2025-07-15,2,95.0,2,0,0,8.6,5,4,0
R0677,2026-01-28,2,100.0,1,2,0,8.7,6,4,0
R0678,2025-09-12,3,45.0,6,5,1,8.6,4,4,1
R0678,2026-03-10,4,40.0,6,4,0,8.8,3,5,1
R0679,2024-07-26,4,100.0,5,3,0,5.3,3,3,0
R0679,2025-01-31,4,100.0,5,3,0,5.1,2,3,0
R0679,2025-07-22,4,100.0,5,4,1,4.4,1,4,0
R0679,2026-02-06,4,100.0,5,3,0,5.1,2,4,0
R0680,2025-03-08,3,40.0,5,9,0,5.0,1,7,1
R0680,2025-08-20,5,35.0,6,7,0,3.9,2,6,1
R0680,2026-02-19,5,25.0,5,7,0,4.6,1,7,1
R0681,2025-10-21,3,15.0,5,5,3,6.0,5,8,1
R0681,2026-05-02,3,5.0,4,4,3,6.1,4,8,1
R0682,2026-05-13,4,0.0,2,7,2,7.1,3,5,1
R0683,2025-06-27,3,85.0,3,6,0,5.9,0,1,0
R0683,2026-01-02,5,90.0,3,5,0,5.9,1,0,0
R0683,2026-07-08,4,85.0,3,5,0,6.7,0,1,0
R0684,2025-02-24,0,70.0,4,2,1,7.7,0,0,0
R0684,2025-08-25,0,75.0,5,3,2,7.0,0,0,0
R0684,2026-02-25,0,65.0,4,3,3,7.0,0,1,0
R0684,2026-08-08,0,65.0,4,2,2,7.4,1,1,0
R0685,2026-03-20,4,70.0,1,9,0,8.8,3,3,1
R0686,2026-01-11,2,60.0,3,1,1,5.0,4,8,1
R0686,2026-07-20,4,55.0,3,1,2,5.8,3,9,1
R0687,2026-01-20,4,85.0,2,2,0,9.1,3,4,1
R0687,2026-07-14,5,80.0,1,2,1,9.2,2,5,1
R0688,2026-05-22,3,85.0,0,2,0,6.8,2,5,0
R0689,2026-06-28,4,55.0,7,5,3,5.7,4,5,1
R0690,2026-01-30,3,75.0,4,3,0,7.8,1,7,1
R0690,2026-07-28,3,70.0,4,3,0,8.0,1,8,1
R0691,2025-11-15,3,45.0,6,0,0,6.4,4,3,0
R0691,2026-05-30,3,50.0,6,0,0,6.7,3,4,0
R0692,2026-01-28,4,100.0,4,1,0,5.7,0,7,1
R0692,2026-07-30,5,100.0,3,2,0,6.0,1,8,1
R0693,2025-09-29,2,65.0,1,1,2,5.5,1,2,1
R0693,2026-03-26,3,65.0,1,1,2,5.4,2,2,1
R0694,2026-06-20,1,100.0,5,5,2,6.8,5,7,0
R0695,2025-02-24,0,65.0,6,5,0,7.4,4,0,0
R0695,2025-08-22,0,70.0,7,6,0,6.2,4,0,0
R0695,2026-02-19,0,65.0,6,5,0,6.8,3,1,0
R0696,2025-06-19,2,95.0,3,6,0,6.3,0,3,0
R0696,2025-12-14,3,90.0,3,4,0,6.5,0,4,0
R0696,2026-06-24,2,90.0,3,4,0,5.7,1,4,0
R0697,2025-12-16,3,15.0,3,6,3,5.3,1,2,1
R0697,2026-06-18,3,15.0,4,5,1,5.7,2,3,1
R0698,2025-01-09,3,75.0,5,5,0,5.8,5,3,1
R0698,2025-07-18,5,65.0,4,4,0,5.3,4,4,1
R0698,2026-01-26,6,55.0,4,5,0,5.7,4,4,1
R0699,2026-05-05,6,80.0,6,5,0,4.8,2,3,1
R0700,2024-11-05,3,100.0,1,6,0,7.2,6,6,0
R0700,2025-05-10,4,100.0,1,7,1,6.9,6,6,0
R0700,2025-11-02,4,95.0,2,7,0,6.9,6,6,0
R0700,2026-05-06,4,95.0,1,6,0,6.9,5,7,0
R0701,2025-01-13,3,30.0,5,6,1,7.8,1,6,0
R0701,2025-07-12,3,20.0,5,8,1,8.5,0,7,0
R0701,2026-01-12,3,20.0,5,6,2,8.2,1,7,0
R0702,2026-06-25,5,85.0,0,5,0,9.8,2,4,1
R0703,2026-06-13,1,35.0,1,5,0,8.4,1,6,0
R0704,2025-05-28,1,75.0,3,2,0,7.6,2,9,0
R0704,2025-11-18,1,75.0,3,2,0,7.8,0,9,0
R0704,2026-05-27,1,75.0,3,1,0,7.2,1,10,0
R0705,2024-12-10,5,100.0,5,2,0,7.2,4,3,1
R0705,2025-06-24,6,95.0,5,3,0,7.5,4,3,1
R0705,2025-12-18,8,80.0,4,3,1,7.6,4,3,1
R0705,2026-06-15,9,75.0,4,3,0,7.4,5,3,1
R0706,2026-05-13,5,40.0,2,3,0,5.9,1,6,0
R0707,2025-10-24,0,100.0,5,9,0,7.1,5,2,0
R0707,2026-04-24,0,100.0,5,9,1,6.9,4,3,0
R0708,2024-11-14,2,80.0,7,4,2,6.0,2,0,0
R0708,2025-05-14,1,75.0,8,4,2,6.6,1,0,0
R0708,2025-11-08,2,70.0,7,3,2,6.3,1,0,0
R0708,2026-05-14,2,75.0,7,3,1,6.4,1,1,0
R0709,2024-10-12,0,70.0,2,3,0,7.0,1,2,0
R0709,2025-04-10,0,65.0,2,2,0,7.3,2,3,0
R0709,2025-09-29,0,55.0,2,4,1,7.3,0,2,0
R0709,2026-04-01,0,60.0,2,3,0,7.2,1,3,0
R0710,2026-02-07,0,80.0,4,9,0,4.9,1,3,1
R0710,2026-08-08,2,80.0,4,8,1,5.2,2,4,1
R0711,2026-08-10,0,80.0,3,4,1,7.1,2,6,0
R0712,2024-09-14,2,95.0,1,4,0,6.6,3,5,0
R0712,2025-04-01,2,95.0,2,5,0,7.4,4,5,0
R0712,2025-09-14,4,95.0,2,4,0,7.1,5,5,0
R0712,2026-03-30,3,95.0,2,5,0,7.1,4,5,0
R0713,2025-01-24,0,95.0,4,1,0,5.3,2,3,0
R0713,2025-07-21,1,95.0,4,1,0,6.5,2,2,0
R0713,2026-01-21,2,100.0,4,0,0,5.7,2,3,0
R0713,2026-07-26,1,95.0,4,0,0,6.1,2,3,0
R0714,2026-07-28,5,30.0,5,4,0,5.6,1,7,1
R0715,2025-02-14,3,85.0,1,5,1,5.3,0,8,0
R0715,2025-08-13,3,80.0,0,5,2,5.4,1,8,0
R0715,2026-02-22,3,85.0,1,6,0,5.4,0,8,0
R0716,2024-07-21,0,55.0,3,7,0,7.5,2,6,0
R0716,2025-01-14,0,65.0,4,7,0,7.9,0,6,0
R0716,2025-07-20,0,60.0,3,8,0,7.7,0,7,0
R0716,2026-01-08,0,60.0,3,6,0,8.1,1,7,0
R0717,2025-11-19,5,100.0,5,6,0,7.4,3,4,1
R0717,2026-05-29,6,100.0,5,6,0,8.0,2,4,1
R0718,2024-11-05,0,100.0,6,7,0,7.4,1,1,0
R0718,2025-05-09,1,90.0,5,6,1,8.2,0,2,0
R0718,2025-11-17,0,90.0,6,7,0,7.1,2,1,0
R0718,2026-05-13,0,85.0,5,6,1,7.7,1,2,0
R0719,2025-02-10,0,80.0,5,6,0,6.1,3,5,0
R0719,2025-08-13,0,80.0,5,7,0,6.9,3,5,0
R0719,2026-02-01,0,80.0,5,4,0,6.4,3,5,0
R0719,2026-08-09,1,80.0,5,6,0,6.5,4,5,0
R0720,2025-08-15,4,95.0,0,5,0,8.3,4,8,1
R0720,2026-03-03,5,75.0,0,7,0,8.0,4,7,1
R0720,2026-08-15,6,80.0,0,5,0,8.1,4,8,1
R0721,2025-07-11,0,95.0,6,2,0,8.4,4,6,0
R0721,2026-01-05,0,95.0,6,2,0,8.3,4,6,0
R0721,2026-07-08,0,90.0,6,3,0,8.1,4,6,0
R0722,2025-08-06,5,35.0,1,5,2,7.6,3,5,1
R0722,2026-02-15,6,25.0,1,4,1,8.2,3,5,1
R0722,2026-08-08,7,20.0,1,5,2,7.9,2,6,1
R0723,2026-07-12,3,70.0,5,10,0,6.3,4,4,0
R0724,2025-03-28,4,95.0,3,9,0,7.0,2,2,0
R0724,2025-09-14,4,90.0,3,6,2,6.7,2,2,0
R0724,2026-03-17,4,90.0,3,7,1,6.7,3,3,0
R0725,2025-08-06,3,100.0,5,6,0,3.6,2,5,1
R0725,2026-02-20,4,100.0,4,6,1,3.9,1,5,1
R0726,2025-07-29,1,75.0,5,0,0,7.8,2,3,1
R0726,2026-01-20,3,75.0,5,3,0,7.7,3,4,1
R0726,2026-08-08,3,70.0,5,1,0,8.0,2,4,1
R0727,2025-01-16,6,100.0,1,3,1,9.0,5,6,1
R0727,2025-07-05,8,100.0,0,2,2,9.9,3,6,1
R0727,2026-01-16,8,100.0,0,3,1,9.3,4,7,1
R0728,2026-03-12,2,95.0,3,7,0,6.5,6,3,0
R0729,2025-07-15,2,95.0,2,3,2,4.3,1,4,0
R0729,2026-01-09,3,85.0,4,3,1,3.7,0,4,0
R0729,2026-07-14,3,85.0,3,2,2,4.1,1,5,0
R0730,2025-09-12,2,100.0,3,5,0,6.2,3,3,0
R0730,2026-03-15,2,100.0,2,6,0,6.3,2,3,0
R0731,2024-09-19,2,100.0,4,3,1,6.8,7,5,0
R0731,2025-03-29,4,100.0,3,3,1,5.5,6,6,0
R0731,2025-09-19,4,100.0,5,2,0,6.2,5,6,0
R0731,2026-03-20,4,100.0,4,3,0,6.1,6,6,0
R0732,2025-03-12,4,80.0,3,4,0,9.8,2,4,1
R0732,2025-09-13,8,60.0,2,2,0,9.4,2,3,1
R0732,2026-03-14,8,60.0,3,3,0,9.7,1,4,1
R0733,2025-09-12,4,100.0,6,4,0,3.4,6,5,1
R0733,2026-03-14,5,95.0,6,3,0,3.5,6,6,1
R0734,2025-02-03,4,60.0,1,6,1,4.5,1,6,1
R0734,2025-07-26,5,50.0,1,7,0,4.4,2,6,1
R0734,2026-01-27,6,45.0,1,7,1,4.5,2,6,1
R0735,2026-06-13,7,45.0,5,4,1,6.9,2,4,1
R0736,2026-06-22,4,50.0,1,7,1,8.0,4,5,1
R0737,2025-05-30,2,65.0,3,3,1,6.1,2,4,0
R0737,2025-11-18,2,65.0,3,3,2,5.6,4,5,0
R0737,2026-05-14,2,70.0,3,3,1,6.1,3,5,0
R0738,2025-06-25,5,20.0,2,6,2,10.3,1,1,1
R0738,2025-12-29,6,15.0,2,6,0,10.0,0,0,1
R0738,2026-06-30,7,15.0,2,4,1,10.3,0,1,1
R0739,2025-08-12,3,60.0,4,3,2,7.0,3,6,1
R0739,2026-02-13,4,55.0,3,3,2,6.5,3,6,1
R0739,2026-08-24,5,50.0,3,3,2,6.6,2,6,1
R0740,2026-05-07,6,55.0,7,7,1,9.8,1,2,1
R0741,2025-08-10,2,60.0,3,8,0,7.4,1,2,1
R0741,2026-02-06,3,60.0,3,7,0,7.2,0,2,1
R0742,2026-06-02,0,85.0,3,1,0,8.6,1,4,0
R0743,2025-03-12,0,55.0,5,1,1,6.4,3,9,1
R0743,2025-08-31,0,45.0,5,4,0,5.8,2,9,1
R0743,2026-03-13,2,45.0,5,2,0,6.5,2,10,1
R0744,2025-01-22,1,80.0,6,4,2,8.3,4,2,0
R0744,2025-08-02,3,80.0,5,4,0,6.5,4,2,0
R0744,2026-01-26,1,90.0,5,3,1,7.1,2,2,0
R0744,2026-08-04,2,85.0,5,4,0,7.2,3,3,0
R0745,2025-12-26,2,95.0,6,4,0,7.9,1,2,0
R0745,2026-06-22,2,100.0,5,5,0,6.6,1,2,0
R0746,2024-12-25,4,65.0,3,6,1,7.8,4,7,1
R0746,2025-07-06,4,60.0,3,6,0,8.1,2,7,1
R0746,2025-12-27,6,50.0,2,7,1,7.8,2,7,1
R0746,2026-06-30,7,45.0,3,6,0,7.9,3,7,1
R0747,2025-08-04,0,100.0,4,2,1,4.6,4,6,0
R0747,2026-02-01,0,100.0,4,1,0,4.7,4,6,0
R0748,2026-05-07,1,75.0,5,4,0,8.2,1,5,0
R0749,2025-11-22,4,45.0,4,8,0,8.1,1,6,1
R0749,2026-05-27,4,45.0,4,7,0,8.2,2,7,1
R0750,2025-02-22,0,80.0,5,8,0,6.4,3,3,0
R0750,2025-08-12,0,85.0,5,6,1,6.2,3,2,0
R0750,2026-02-13,0,85.0,5,7,0,6.3,3,3,0
R0751,2025-06-16,5,75.0,7,6,1,7.3,2,5,0
R0751,2025-12-11,7,80.0,6,5,0,7.3,1,4,0
R0751,2026-06-02,6,75.0,6,5,0,7.3,2,5,0
R0752,2026-08-23,2,100.0,8,2,1,8.6,1,3,0
R0753,2025-10-18,3,100.0,8,9,0,8.5,3,3,0
R0753,2026-04-05,2,100.0,8,8,0,8.2,4,3,0
R0754,2025-11-16,6,45.0,4,6,3,8.7,1,3,1
R0754,2026-05-09,7,40.0,4,3,3,9.4,2,4,1
R0755,2025-11-04,3,95.0,2,2,0,8.2,2,3,0
R0755,2026-05-04,3,100.0,2,2,0,8.0,2,3,0
R0756,2026-05-29,8,60.0,4,4,0,9.0,0,9,1
R0757,2026-04-17,6,60.0,5,8,1,7.6,1,2,1
R0758,2024-10-06,0,75.0,2,8,1,3.0,4,1,1
R0758,2025-03-30,0,65.0,2,8,0,4.0,3,1,1
R0758,2025-10-08,2,60.0,1,7,0,3.9,4,1,1
R0758,2026-04-10,2,55.0,1,7,0,3.5,3,2,1
R0759,2025-12-03,3,70.0,5,5,0,7.0,1,5,0
R0759,2026-06-05,3,65.0,5,4,0,6.7,2,6,0
R0760,2025-01-21,2,100.0,5,8,0,4.8,3,2,0
R0760,2025-08-07,2,90.0,4,6,2,4.3,3,2,0
R0760,2026-01-31,2,90.0,4,6,1,4.4,4,3,0
R0761,2025-04-28,1,70.0,5,6,1,6.6,0,3,1
R0761,2025-10-24,2,70.0,4,4,1,6.1,0,3,1
R0761,2026-04-23,3,60.0,4,5,1,6.6,0,4,1
R0762,2025-11-05,5,80.0,3,5,0,7.5,4,1,0
R0762,2026-04-23,5,80.0,4,7,0,7.3,4,1,0
R0763,2025-03-13,4,60.0,4,7,0,7.8,1,6,1
R0763,2025-09-11,5,50.0,3,5,1,6.4,1,5,1
R0763,2026-03-14,7,40.0,3,6,1,7.0,2,6,1
R0764,2026-08-15,0,75.0,6,4,0,7.3,2,10,0
R0765,2026-02-12,3,55.0,0,5,1,7.6,3,7,1
R0765,2026-07-27,5,50.0,0,2,1,7.5,2,7,1
R0766,2025-07-22,2,75.0,3,3,0,6.5,1,6,0
R0766,2026-01-27,3,80.0,4,3,0,6.7,1,7,0
R0767,2026-08-05,0,75.0,6,4,1,7.6,1,4,0
R0768,2026-09-02,9,100.0,4,7,1,5.2,3,6,1
R0769,2025-06-30,3,55.0,4,2,0,7.3,4,5,1
R0769,2026-01-01,3,50.0,4,3,1,7.0,2,6,1
R0769,2026-07-02,4,40.0,3,3,1,6.9,3,6,1
R0770,2026-07-21,3,55.0,5,6,0,7.2,5,5,0
R0771,2024-08-20,5,85.0,5,6,0,6.5,3,7,1
R0771,2025-02-21,6,75.0,5,7,0,6.7,1,7,1
R0771,2025-08-17,7,75.0,4,8,0,6.4,2,7,1
R0771,2026-02-12,8,60.0,4,7,0,6.7,2,7,1
R0772,2025-01-04,3,35.0,3,5,0,7.1,2,4,1
R0772,2025-07-06,3,35.0,3,5,1,6.3,1,3,1
R0772,2025-12-16,4,35.0,2,5,0,7.0,3,3,1
R0772,2026-06-28,6,25.0,2,5,0,6.8,2,4,1
R0773,2025-08-11,2,60.0,3,8,0,7.2,4,4,0
R0773,2026-02-08,2,70.0,3,8,1,7.3,4,5,0
R0773,2026-07-27,2,65.0,3,7,0,7.4,3,5,0
R0774,2024-09-28,0,100.0,5,5,0,6.1,1,1,0
R0774,2025-04-08,1,95.0,5,5,0,7.2,1,2,0
R0774,2025-10-01,0,100.0,5,4,0,6.6,1,2,0
R0774,2026-03-30,0,100.0,5,5,0,6.7,1,2,0
R0775,2025-07-21,5,60.0,4,5,1,5.9,0,8,1
R0775,2026-01-25,5,50.0,3,6,0,5.7,0,7,1
R0775,2026-07-24,6,50.0,3,5,0,5.6,0,8,1
R0776,2025-09-12,1,45.0,4,4,0,8.2,5,3,0
R0776,2026-03-24,1,45.0,4,3,0,8.7,4,4,0
R0777,2025-07-10,0,70.0,7,4,1,5.9,5,7,0
R0777,2026-01-13,0,65.0,7,3,0,5.8,4,7,0
R0778,2024-08-07,4,60.0,3,7,0,4.1,0,5,1
R0778,2025-02-02,5,45.0,2,6,0,5.1,0,5,1
R0778,2025-07-26,5,40.0,2,5,0,5.6,1,6,1
R0778,2026-01-23,7,35.0,2,5,0,4.4,1,6,1
R0779,2026-05-26,6,65.0,1,9,1,7.1,5,4,0
R0780,2025-05-31,2,80.0,3,2,0,7.6,1,6,0
R0780,2025-11-29,1,65.0,4,1,0,7.5,0,6,0
R0780,2026-06-01,1,65.0,4,2,0,7.1,0,6,0
R0781,2026-07-27,0,75.0,7,2,0,5.4,3,5,0
R0782,2025-02-02,2,100.0,4,4,0,5.6,1,6,0
R0782,2025-07-29,2,100.0,4,3,0,4.3,1,5,0
R0782,2026-01-31,2,100.0,4,4,0,5.2,1,6,0
R0783,2025-03-29,1,80.0,6,0,0,6.4,3,7,0
R0783,2025-09-29,1,90.0,6,3,0,6.0,1,7,0
R0783,2026-03-12,1,85.0,6,2,0,5.8,2,7,0
R0784,2026-07-11,2,90.0,3,3,1,5.3,2,7,1
R0785,2026-07-07,1,65.0,4,6,0,7.8,1,2,0
R0786,2026-04-04,2,50.0,5,5,2,3.5,0,4,1
R0787,2025-01-15,2,85.0,4,5,0,5.6,2,7,0
R0787,2025-07-15,2,95.0,4,2,1,5.6,1,6,0
R0787,2026-01-13,2,90.0,5,3,1,6.1,1,6,0
R0787,2026-07-21,2,85.0,4,3,1,6.1,2,7,0
R0788,2026-01-27,7,60.0,3,6,1,5.9,2,5,1
R0789,2026-05-14,3,75.0,3,5,0,5.8,5,2,0
R0790,2025-10-16,0,70.0,3,4,1,7.1,2,3,0
R0790,2026-04-05,0,65.0,3,4,0,7.4,2,4,0
R0791,2026-03-10,7,50.0,5,8,1,7.5,3,2,1
R0792,2025-05-11,3,100.0,7,5,0,6.8,2,4,0
R0792,2025-10-31,2,100.0,5,4,0,6.4,2,4,0
R0792,2026-05-14,2,95.0,6,4,0,6.4,3,5,0
R0793,2026-03-13,6,30.0,3,6,1,6.0,1,3,1
R0794,2025-08-04,0,65.0,6,2,0,8.9,3,1,0
R0794,2026-01-15,0,60.0,5,3,0,8.5,2,1,0
R0795,2025-03-30,1,100.0,4,1,2,6.1,2,5,0
R0795,2025-09-23,2,100.0,4,1,0,5.9,4,5,0
R0795,2026-03-30,1,100.0,4,1,0,6.0,3,5,0
R0796,2024-12-24,0,100.0,7,8,0,7.2,3,2,1
R0796,2025-06-17,1,100.0,7,6,1,7.7,3,3,1
R0796,2025-12-25,1,95.0,8,6,3,6.6,3,2,1
R0796,2026-06-24,2,90.0,7,6,2,7.1,3,3,1
R0797,2025-02-01,2,80.0,6,6,0,6.9,2,4,0
R0797,2025-08-09,2,75.0,6,6,1,7.0,2,4,0
R0797,2026-02-05,3,80.0,5,8,0,7.0,1,4,0
R0797,2026-08-07,3,75.0,6,7,0,7.1,1,4,0
R0798,2026-03-24,5,100.0,0,7,0,7.9,3,6,1
R0799,2025-12-05,1,35.0,4,5,0,8.6,2,5,0
R0799,2026-06-23,2,30.0,4,5,0,8.6,3,6,0
R0800,2025-09-06,0,75.0,2,4,1,5.9,2,3,1
R0800,2026-03-10,0,75.0,3,4,0,5.9,1,4,1
R0801,2025-03-08,1,65.0,2,9,2,8.2,3,5,1
R0801,2025-09-05,2,65.0,2,10,1,8.5,3,5,1
R0801,2026-03-02,3,50.0,1,9,1,8.3,2,5,1
R0802,2025-03-07,0,85.0,8,3,0,8.1,1,1,0
R0802,2025-09-19,0,80.0,8,3,0,6.8,2,1,0
R0802,2026-03-17,0,80.0,8,1,0,7.2,2,1,0
R0803,2025-04-08,0,65.0,3,7,1,7.5,2,7,1
R0803,2025-10-04,0,65.0,4,4,0,7.7,3,8,1
R0803,2026-04-07,1,60.0,3,6,2,7.7,3,8,1
R0804,2026-02-28,1,70.0,6,4,0,6.5,0,2,1
R0804,2026-08-27,2,65.0,5,4,1,7.2,1,3,1
R0805,2025-11-15,1,40.0,2,6,0,7.1,1,10,0
R0805,2026-05-11,2,35.0,2,6,0,7.4,1,10,0
R0806,2026-02-13,4,80.0,4,1,0,4.5,4,6,0
R0806,2026-08-17,4,75.0,4,1,0,4.9,4,6,0
R0807,2025-11-27,8,80.0,4,1,0,7.5,0,8,1
R0807,2026-06-01,9,80.0,4,2,0,7.6,0,8,1
R0808,2026-04-26,5,20.0,3,8,4,8.0,5,3,1
R0809,2025-09-16,1,45.0,3,4,2,5.3,2,5,0
R0809,2026-03-21,1,50.0,4,4,1,5.4,1,6,0
R0810,2025-08-02,5,50.0,0,3,0,8.5,2,9,1
R0810,2026-02-02,6,45.0,0,5,0,9.4,2,9,1
R0811,2025-10-06,0,95.0,2,3,0,5.8,5,2,0
R0811,2026-04-08,0,85.0,2,3,0,6.7,5,3,0
R0812,2026-06-17,0,75.0,3,6,0,7.9,2,3,0
R0813,2026-08-10,1,80.0,7,4,0,8.3,2,2,0
R0814,2026-08-02,4,50.0,4,4,1,7.7,0,2,1
R0815,2026-07-16,1,70.0,3,3,2,7.1,2,0,0
R0816,2026-07-09,3,50.0,7,6,0,6.1,2,7,1
R0817,2025-07-10,1,95.0,5,4,0,7.1,2,2,0
R0817,2026-01-08,1,90.0,5,5,0,7.3,2,3,0
R0818,2026-02-06,0,90.0,3,6,1,11.7,4,5,1
R0818,2026-08-08,1,90.0,2,6,1,11.5,5,5,1
R0819,2025-03-04,1,60.0,1,9,1,7.2,1,7,1
R0819,2025-08-31,2,55.0,1,7,2,8.0,0,8,1
R0819,2026-03-12,3,50.0,1,8,1,7.5,1,8,1
R0820,2025-01-12,3,100.0,2,3,1,7.5,5,8,0
R0820,2025-07-11,3,100.0,2,4,0,7.5,4,7,0
R0820,2026-01-11,3,100.0,2,3,1,7.6,4,8,0
R0821,2026-05-25,1,40.0,6,8,0,7.1,3,5,0
R0822,2025-08-07,2,75.0,4,7,0,6.5,4,6,1
R0822,2026-01-23,3,75.0,3,6,0,5.8,5,6,1
R0822,2026-07-29,4,65.0,3,6,0,6.5,4,6,1
R0823,2025-02-09,2,100.0,5,5,0,7.7,0,5,0
R0823,2025-08-09,2,90.0,4,5,0,8.0,0,5,0
R0823,2026-02-04,2,95.0,4,5,0,7.1,1,6,0
R0824,2026-06-18,3,95.0,4,3,0,9.1,5,4,0
R0825,2025-10-27,3,75.0,2,7,0,8.7,1,1,0
R0825,2026-04-25,3,80.0,3,7,1,8.1,1,1,0
R0826,2026-01-28,8,75.0,5,4,3,4.5,5,4,1
R0827,2026-05-14,6,75.0,1,8,1,5.5,6,1,1
R0828,2025-08-07,2,90.0,3,4,2,8.6,3,6,1
R0828,2026-02-07,3,85.0,4,2,0,7.7,3,7,1
R0828,2026-07-31,4,80.0,3,3,2,8.4,3,7,1
R0829,2024-07-18,2,50.0,2,5,3,10.9,4,6,1
R0829,2025-01-07,3,45.0,2,6,1,10.6,4,7,1
R0829,2025-07-09,3,35.0,2,5,1,9.6,5,6,1
R0829,2026-01-20,4,35.0,2,4,3,10.2,4,7,1
R0830,2025-08-07,2,95.0,0,9,2,9.7,4,3,1
R0830,2026-02-17,4,100.0,0,8,0,9.5,3,3,1
R0830,2026-08-10,5,85.0,0,8,3,9.4,4,4,1
R0831,2025-08-06,2,80.0,4,6,0,7.6,7,5,0
R0831,2026-02-17,3,80.0,3,6,1,7.8,7,5,0
R0832,2026-02-19,4,100.0,2,13,1,7.3,4,2,1
R0832,2026-08-11,5,100.0,3,14,0,7.3,4,3,1
R0833,2026-02-26,8,30.0,3,2,0,5.7,1,5,1
R0834,2026-07-30,3,100.0,3,6,1,7.2,0,5,0
R0835,2026-04-22,0,80.0,4,2,0,8.4,2,5,0
R0836,2026-01-16,3,100.0,2,6,1,5.6,2,4,1
R0836,2026-07-10,4,90.0,3,6,1,6.0,1,4,1
R0837,2026-02-08,0,70.0,5,1,0,5.9,2,5,0
R0837,2026-07-28,0,70.0,5,2,1,6.4,3,6,0
R0838,2026-04-12,4,95.0,4,6,0,8.4,2,4,0
R0839,2025-07-20,1,70.0,5,2,1,6.1,3,7,0
R0839,2026-01-23,0,70.0,5,3,0,6.2,4,7,0
R0840,2026-01-19,3,100.0,7,1,2,10.0,3,5,1
R0840,2026-07-26,3,100.0,7,2,2,9.8,4,5,1
R0841,2024-11-01,4,95.0,1,3,1,7.6,1,2,1
R0841,2025-04-20,5,95.0,1,4,1,7.5,3,2,1
R0841,2025-10-23,5,85.0,1,5,1,7.6,1,2,1
R0841,2026-04-28,6,80.0,1,4,1,7.8,2,2,1
R0842,2025-05-21,0,95.0,5,4,1,5.2,2,3,1
R0842,2025-11-10,0,95.0,5,3,0,5.3,2,3,1
R0842,2026-05-23,1,90.0,5,3,2,5.7,3,3,1
R0843,2025-02-22,2,55.0,5,2,0,7.8,0,4,0
R0843,2025-08-30,2,55.0,5,3,1,8.2,0,4,0
R0843,2026-02-21,2,55.0,5,3,0,7.6,0,4,0
R0844,2025-09-11,0,100.0,6,0,0,6.8,3,2,0
R0844,2026-02-25,1,100.0,6,4,0,7.2,1,1,0
R0844,2026-08-30,0,100.0,6,2,0,6.9,2,2,0
R0845,2025-08-23,4,85.0,3,1,1,7.5,1,4,1
R0845,2026-02-28,5,85.0,3,3,0,7.6,3,4,1
R0845,2026-09-06,5,75.0,3,3,0,7.7,2,4,1
R0846,2025-05-27,3,55.0,8,0,1,8.4,1,8,0
R0846,2025-11-13,3,50.0,7,0,1,8.3,0,7,0
R0846,2026-05-29,3,50.0,8,0,0,7.8,1,8,0
R0847,2026-01-06,3,30.0,4,7,1,4.4,4,8,1
R0847,2026-07-10,4,25.0,4,7,2,4.5,3,8,1
R0848,2026-07-23,0,65.0,6,4,1,6.9,3,6,0
R0849,2024-12-09,3,75.0,0,3,0,5.3,0,4,1
R0849,2025-06-08,4,70.0,0,5,1,6.0,0,3,1
R0849,2025-11-21,5,65.0,0,2,1,6.1,0,3,1
R0849,2026-06-04,6,50.0,0,3,2,5.8,0,4,1
R0850,2026-01-04,4,50.0,6,3,0,4.5,1,5,1
R0850,2026-06-29,4,55.0,5,4,0,4.9,2,6,1
R0851,2025-07-24,3,90.0,4,7,0,6.0,4,5,1
R0851,2026-01-14,4,85.0,4,7,0,5.4,3,6,1
R0852,2026-01-15,2,50.0,5,8,1,6.3,5,3,0
R0853,2025-07-19,3,100.0,2,8,0,5.6,4,8,0
R0853,2026-01-24,2,100.0,3,8,1,7.1,4,9,0
R0854,2025-08-22,1,55.0,3,7,0,7.4,1,4,0
R0854,2026-03-05,1,50.0,3,6,0,7.1,1,4,0
R0855,2026-02-16,0,85.0,7,3,0,7.4,3,1,0
R0855,2026-08-28,0,80.0,7,3,0,8.2,4,2,0
R0856,2026-03-08,2,90.0,4,6,1,7.5,2,2,0
R0856,2026-09-09,3,95.0,4,5,1,7.1,3,3,0
R0857,2026-03-23,4,75.0,5,4,1,6.9,3,3,0
R0858,2025-08-04,2,65.0,3,5,0,6.0,3,2,1
R0858,2026-02-07,3,55.0,3,6,0,6.2,3,3,1
R0859,2024-09-24,6,95.0,4,6,2,9.6,3,3,1
R0859,2025-03-25,7,85.0,3,7,1,9.1,4,3,1
R0859,2025-09-20,9,75.0,4,5,0,8.4,3,3,1
R0859,2026-03-23,10,70.0,3,6,1,8.9,3,4,1
R0860,2025-05-08,1,95.0,8,6,3,6.0,1,4,0
R0860,2025-11-10,0,95.0,8,7,0,6.4,3,3,0
R0860,2026-05-22,0,90.0,8,6,1,6.0,2,4,0
R0861,2026-07-05,9,20.0,3,4,0,7.1,3,6,1
R0862,2025-09-08,0,70.0,3,4,0,8.8,2,2,0
R0862,2026-03-11,0,65.0,2,5,0,8.5,3,2,0
R0863,2026-01-15,4,65.0,5,7,2,6.8,4,4,1
R0863,2026-08-01,5,60.0,4,8,2,6.5,4,5,1
R0864,2025-10-17,2,100.0,3,6,1,7.7,3,3,0
R0864,2026-04-27,2,95.0,3,5,1,7.7,4,4,0
R0865,2025-09-20,3,40.0,6,2,0,7.1,6,5,0
R0865,2026-03-13,3,40.0,6,2,1,6.6,6,6,0
R0866,2025-07-15,1,75.0,7,2,0,8.1,6,10,0
R0866,2026-01-02,1,75.0,7,2,0,8.6,4,10,0
R0866,2026-07-05,1,70.0,7,1,0,8.3,5,10,0
R0867,2026-04-02,5,95.0,4,3,1,5.4,5,7,1
R0868,2026-05-09,2,60.0,2,2,0,7.2,1,8,0
R0869,2026-03-03,4,85.0,3,4,0,7.7,3,2,1
R0869,2026-08-23,5,75.0,3,5,0,7.9,3,2,1
R0870,2025-01-12,0,80.0,5,9,4,5.7,3,7,1
R0870,2025-07-16,2,75.0,5,7,0,5.8,3,7,1
R0870,2026-01-10,2,70.0,5,8,3,5.9,4,8,1
R0871,2025-02-26,4,100.0,3,3,1,4.3,4,11,1
R0871,2025-08-30,6,100.0,2,2,2,3.6,3,10,1
R0871,2026-03-06,6,100.0,2,2,0,4.2,3,11,1
R0872,2025-09-01,0,100.0,8,7,1,7.6,4,2,0
R0872,2026-03-05,0,100.0,7,7,0,7.2,3,3,0
R0873,2026-08-05,3,60.0,3,2,1,5.9,4,2,0
R0874,2025-11-23,2,60.0,1,4,0,6.0,0,6,1
R0874,2026-06-06,2,55.0,1,3,0,5.8,1,6,1
R0875,2026-02-13,4,85.0,0,6,0,4.5,3,3,1
R0876,2026-06-22,1,95.0,5,4,1,6.6,2,2,0
R0877,2025-02-23,6,100.0,0,5,0,5.9,3,6,1
R0877,2025-09-07,8,100.0,0,6,0,6.3,1,5,1
R0877,2026-03-09,8,95.0,0,7,0,6.1,2,6,1
R0878,2026-07-25,1,95.0,4,6,0,6.1,1,13,0
R0879,2025-09-05,0,65.0,4,4,1,3.6,3,3,1
R0879,2026-02-22,1,55.0,4,4,2,3.8,2,3,1
R0880,2024-10-15,1,100.0,0,4,1,6.8,4,6,1
R0880,2025-04-19,2,100.0,0,5,3,6.4,3,7,1
R0880,2025-10-19,3,100.0,0,3,2,5.7,3,6,1
R0880,2026-04-14,4,95.0,0,4,3,6.3,3,7,1
R0881,2026-05-22,2,25.0,3,7,0,8.5,0,4,0
R0882,2026-01-28,4,55.0,7,4,1,9.0,4,6,0
R0883,2025-11-11,2,70.0,5,5,0,8.7,3,7,0
R0883,2026-05-16,1,65.0,5,5,0,8.5,3,8,0
R0884,2025-09-10,1,65.0,7,3,1,7.3,6,6,0
R0884,2026-03-22,1,60.0,7,5,1,7.2,7,6,0
R0885,2025-05-05,2,45.0,5,4,1,9.6,2,2,1
R0885,2025-11-02,4,45.0,6,3,0,8.6,1,1,1
R0885,2026-05-01,4,40.0,5,3,0,8.5,2,2,1
R0886,2026-01-13,0,65.0,8,11,1,6.9,2,2,0
R0886,2026-07-15,0,65.0,8,10,2,7.3,2,3,0
R0887,2026-02-07,1,75.0,5,2,0,7.2,1,3,1
R0887,2026-08-01,1,65.0,5,3,0,7.3,2,4,1
R0888,2026-03-25,3,60.0,1,1,1,5.9,4,4,0
R0889,2025-09-07,2,65.0,8,8,0,9.3,1,4,0
R0889,2026-03-04,1,60.0,8,8,0,9.0,1,5,0
R0890,2026-05-24,2,75.0,2,2,0,6.8,1,4,0
R0891,2025-11-29,5,45.0,0,5,2,9.3,5,3,1
R0891,2026-05-14,7,30.0,0,5,2,9.1,5,3,1
R0892,2025-07-26,0,55.0,2,6,3,4.9,0,7,1
R0892,2026-01-15,1,45.0,1,5,0,3.8,0,7,1
R0892,2026-07-16,3,40.0,1,5,2,4.6,0,7,1
R0893,2026-08-26,0,100.0,6,4,1,3.8,1,8,0
R0894,2025-07-15,3,70.0,7,7,0,6.2,2,8,0
R0894,2026-01-26,4,65.0,6,7,1,6.2,2,9,0
R0895,2024-10-26,3,75.0,4,3,0,3.7,0,1,1
R0895,2025-04-26,3,70.0,2,4,0,4.5,0,1,1
R0895,2025-11-02,5,65.0,3,3,0,3.6,0,1,1
R0895,2026-04-20,5,65.0,2,4,0,4.0,1,2,1
R0896,2026-06-23,3,85.0,6,6,2,8.1,5,7,0
R0897,2026-06-11,2,100.0,6,6,0,9.3,3,2,0
R0898,2025-08-06,0,45.0,2,6,1,8.1,7,3,0
R0898,2026-02-11,0,45.0,2,4,0,7.2,7,4,0
R0899,2026-05-08,0,65.0,4,4,0,7.6,4,4,0
R0900,2026-05-24,7,65.0,0,8,1,9.9,7,5,1
