住民編號,姓名,性別,出生日期,機構,入住日期,教育年數,身高,體重,血型,房號,高血壓,糖尿病,中風史,聽力障礙,失智診斷
R0637,莊華雲,M,1943-04-24,B機構,2024-07-09,12,163.1,,B,119,Y,無,無,有,無
R0410,蕭桂鳳,女,1959-07-05,C機構,2025-01-11,12,150.2,45.2,O,311,無,有,無,無,無
R0208,賴麗榮,女,1953-10-22,A機構,2025-07-15,7,142.2,48.5,O,405,有,無,有,無,無
R0657,賴月雲,女,1951-08-23,A機構,2023-01-19,0,156.8,58.8,B,109,有,無,有,有,有
R0082,江月美,女,1941-04-14,B機構,2024-12-17,13,155.7,39.1,O,319,有,無,有,有,無
R0274,廖志珠,女,1946-12-16,B機構,2026-03-21,8,147.2,49.3,O,204,無,無,無,Y,無
R0268,劉蘭福,女,1935-12-15,B機構,2024-10-12,13,145.9,39.7,O,215,有,無,無,有,有
R0391,周福英,女,民國30年2月19日,A機構,2023-10-25,13,155.0,59.6,A,316,Y,有,無,無,有
R0663,林芬水,女,1948-02-22,B機構,2023-11-05,1,146.7,54.6,A,304,有,無,無,無,有
R0511,何秀志,女,1954-08-25,B機構,2023-06-03,1,150.4,58.0,A,220,無,無,無,無,無
R0521,洪美梅,男,1953-04-08,B機構,2024-02-21,11,144.5,45.7,O,319,無,有,無,無,無
R0163,楊琴雲,女,1936-05-01,C機構,2023-09-02,13,154.5,73.0,AB,109,有,無,無,無,有
R0269,呂月雄,男,1953-03-22,C機構,2024-03-15,10,171.7,76.7,O,305,有,無,無,無,無
R0771,王珠福,F,1951-11-19,B機構,2022-04-30,15,162.4,39.6,O,201,有,有,無,有,有
R0306,邱木春,male,1941/12/26,C機構,2023-11-20,13,161.8,50.3,O,104,無,無,無,無,無
R0253,李珠鳳,女,1952/07/28,B機構,2024-05-27,11,148.2,53.9,B,120,有,有,有,無,有
R0080,吳桂月,女,1944-10-06,B機構,2024-10-05,3,168.7,73.0,A,414,,無,無,無,有
R0285,莊麗麗,男,1944-10-04,A機構,2025-10-12,,1.63,55.0,O,304,有,無,N,無,無
R0801,蘇蘭華,男,1939-06-17,A機構,2024-02-07,1,162.0,39.4,A,316,有,有,無,無,有
R0335,廖輝國,女,民國42年5月11日,A機構,2025-04-25,13,152.7,44.1,O,413,無,有,無,無,有
R0493,徐淑桂,男,1942-11-26,B機構,2025-05-20,8,162.3,53.4,A,107,有,無,有,有,無
R0729,廖桂麗,F,民國37年2月6日,A機構,2024-06-03,16,152.8,54.9,O,308,有,有,無,無,無
R0333,葉麗文,男,民國36年8月30日,A機構,2025-07-10,,160.5,59.6,O,420,無,無,有,有,有
R0321,黃金福,男,1944-08-17,A機構,2025-11-23,15,1.59,70.3,O,205,無,無,無,無,無
R0612,劉春明,男,1940/07/03,C機構,2026-01-09,8,166.3,66.6,B,402,無,無,無,無,有
R0105,呂美福,男,1959-06-07,B機構,2024-07-05,9,162.5,53.2,A,413,有,無,無,無,無
R0014,邱美淑,女,1942-04-23,B機構,2023-01-31,,141.4,37.9,O,205,無,無,無,有,有
R0258,李清梅,女,1937-11-21,A機構,2022-12-22,9,160.0,65.7,O,119,有,無,無,無,有
R0050,高桂明,女,1948-12-08,B機構,2023-02-04,3,153.4,36.1,AB,411,無,無,無,無,無
R0538,蔡水志,男,1934-09-06,C機構,2024-03-15,6,166.1,53.3,AB,401,有,無,有,無,有
R0113,江福春,男,1952-04-17,A機構,2024-01-03,0,169.1,78.5,O,411,無,無,無,無,無
R0277,何玉雄,男,1941-06-11,C機構,2023-07-01,16,160.5,67.0,B,111,有,無,無,無,有
R0760,洪明桂,女,1948/05/25,A機構,2024-11-13,8,158.8,61.2,O,409,N,無,無,無,無
R0775,楊榮春,女,1933/11/12,B機構,2023-10-06,17,153.0,49.5,A,306,有,無,無,有,有
R0615,謝桂榮,女,1933-09-28,B機構,2024-10-21,5,169.7,66.8,A,315,有,有,無,無,無
R0425,周玉鳳,女,1938-09-30,B機構,2024-07-17,15,151.6,52.4,B,311,無,無,無,無,無
R0536,高志琴,F,1938-08-17,C機構,2022-08-01,5,159.3,56.2,B,103,無,無,無,有,無
R0159,楊春桂,女,1950-01-12,A機構,2023-12-16,0,151.4,49.4,B,404,有,有,無,有,有
R0605,鄭志淑,男,1941-11-16,C機構,2025-03-25,17,170.1,60.1,B,303,無,無,無,無,無
R0646,謝德榮,女,1949-10-13,A機構,2022-05-07,10,153.8,59.3,A,111,有,無,無,有,有
R0099,謝雲麗,女,1933-11-16,B機構,2024-05-16,4,158.8,48.8,B,116,無,Y,無,有,有
R0748,郭玉清,女,1951-01-31,B機構,2024-09-04,7,157.1,52.6,O,209,無,有,無,無,無
R0065,王志福,女,1944-02-20,B機構,2024-11-15,13,147.1,52.7,A,403,無,無,無,無,無
R0221,黃華桂,男,1937-03-01,B機構,2023-06-12,12,165.2,56.4,A,417,有,無,無,有,無
R0727,廖淑玉,女,1947-09-18,C機構,2023-10-26,13,150.2,55.1,AB,415,Y,無,無,無,有
R0058,羅華鳳,女,1944-02-28,B機構,2025-06-11,10,155.5,56.1,O,303,無,無,有,有,有
R0831,許華淑,男,1932-01-03,C機構,2024-12-15,12,167.0,56.3,B,117,有,無,無,無,無
R0648,李木春,男,1952-07-18,B機構,2022-08-19,12,164.2,65.2,O,317,無,無,無,無,無
R0566,蕭木麗,女,1950-08-16,A機構,2022-06-09,15,151.0,49.9,O,110,有,有,無,有,無
R0073,周金秀,女,1942-04-14,B機構,2024-12-21,11,142.4,58.6,O,206,無,無,無,有,有
R0263,劉國清,女,1931-12-24,B機構,2024-09-16,10,154.1,46.1,A,315,N,無,無,無,無
R0167,郭水志,男,1935-10-15,A機構,2025-05-20,7,160.1,44.3,O,206,無,無,無,有,有
R0261,楊桂木,女,1954/12/02,B機構,2023-10-07,13,140.8,48.9,O,111,有,無,無,有,有
R0467,賴木華,女,1929/11/03,A機構,2024-06-23,3,149.8,52.4,A,404,無,無,無,無,無
R0296,林文玉,男,1946-09-10,B機構,2023-11-01,17,158.6,,O,203,無,無,無,無,無
R0785,林文珠,男,1944-01-17,B機構,2026-03-30,10,165.9,71.7,AB,202,Y,無,有,有,無
R0124,林琴秀,F,1942-10-29,C機構,2025-08-27,3,154.9,60.4,O,114,有,無,N,無,無
R0811,蕭輝琴,男,1941/11/17,B機構,2025-07-31,8,163.2,56.7,O,418,有,無,無,無,無
R0806,葉桂月,男,1949-01-12,B機構,2023-10-04,10,161.4,74.4,O,307,有,無,無,無,無
R0881,黃雲玉,女,1948-09-20,B機構,2025-05-06,4,155.0,45.5,A,114,無,無,N,無,無
R0287,江明秀,女,1934-09-18,C機構,2023-11-12,10,145.7,56.4,O,203,無,無,無,無,無
R0512,呂木鳳,女,1956-05-09,A機構,2025-02-09,3,145.7,50.2,O,404,有,無,有,無,無
R0193,鄭清德,女,1949/04/20,C機構,2026-01-12,13,1.53,57.5,A,118,有,無,無,無,無
R0832,曾秀國,女,1937-11-22,A機構,2025-08-11,17,148.1,50.5,B,420,有,無,無,無,有
R0382,高秀蘭,女,1939-12-23,A機構,2024-10-22,11,153.3,54.6,A,213,無,無,無,有,有
R0507,吳清志,男,1944-03-17,B機構,2024-11-24,8,179.8,81.7,O,110,無,無,有,無,有
R0604,羅華琴,女,1950-09-18,A機構,2024-09-16,12,162.6,65.2,B,317,無,無,無,無,無
R0630,洪琴英,女,民國40年2月17日,C機構,2025-09-11,1,152.1,50.0,O,315,有,無,無,無,無
R0104,莊木福,女,1950-06-16,C機構,2024-03-28,0,157.0,53.8,B,314,有,無,無,無,無
R0618,吳美清,女,1946-08-07,C機構,2025-08-08,13,156.2,39.9,AB,312,有,無,無,無,無
R0083,徐月英,女,1934-03-14,C機構,2022-09-10,3,150.9,54.7,O,207,有,有,,,有
R0044,鄭榮麗,女,1940/04/06,A機構,2024-01-12,8,154.3,60.9,B,212,Y,有,無,有,有
R0184,莊蘭美,女,1945-12-20,A機構,2023-07-25,9,152.3,51.5,A,319,無,無,無,無,無
R0089,劉琴鳳,女,1941-11-30,A機構,2023-07-30,12,157.5,40.2,O,112,有,無,無,無,無
R0439,邱榮德,男,1938-11-08,B機構,2024-01-31,,159.5,63.3,B,119,有,無,無,有,無
R0749,呂蘭文,男,1944/01/22,C機構,2025-04-06,7,165.0,0.0,O,105,有,無,有,無,有
R0398,吳金榮,男,1947-05-23,A機構,2024-06-11,6,157.3,51.4,A,309,有,無,無,無,無
R0178,李水榮,女,1946/07/30,A機構,2023-07-27,4,137.3,43.4,A,209,無,無,無,有,無
R0237,葉木木,女,1946-11-06,B機構,2025-02-10,16,150.2,43.7,B,305,無,有,有,無,無
R0137,莊琴秀,女,1948-06-12,C機構,2024-10-09,11,155.6,63.1,AB,111,,無,無,無,無
R0126,陳淑珠,F,1943-03-30,B機構,2024-04-08,5,145.8,48.1,A,415,有,無,無,無,無
R0077,江麗麗,F,1944-10-27,B機構,2023-11-25,8,159.5,61.8,AB,214,有,無,無,無,有
R0217,葉梅金,女,1936-10-20,B機構,2024-02-05,3,160.5,52.5,B,105,有,無,無,有,有
R0379,鄭珠金,男,1944/08/12,B機構,2024-11-22,10,170.0,44.9,B,112,Y,無,N,無,無
R0879,郭雄英,男,1941-07-30,A機構,2023-06-19,13,1.68,56.7,O,318,有,無,無,無,有
R0420,葉德月,男,1944-06-17,B機構,2024-05-09,9,174.7,88.0,B,219,有,有,無,有,無
R0462,葉美麗,女,1941/12/20,C機構,2024-04-12,8,143.8,56.1,A,201,無,無,無,無,無
R0042,蕭秀秀,女,1952-02-20,C機構,2023-03-07,16,142.1,58.3,AB,420,有,無,無,無,無
R0019,邱美華,F,1949-04-09,B機構,2023-08-19,2,151.9,52.1,A,211,有,無,無,無,無
R0687,呂志金,F,1938-01-28,B機構,2023-09-09,9,157.8,61.8,A,107,無,有,有,,有
R0459,羅英琴,女,1950-08-29,C機構,2023-08-30,11,151.4,57.2,O,112,無,有,無,無,有
R0533,吳輝勇,M,1952-06-07,B機構,2023-11-16,7,166.2,71.7,O,316,有,無,有,無,無
R0762,吳志雄,男,1938-11-23,A機構,2025-08-16,13,163.8,71.5,B,319,有,有,無,無,無
R0272,蘇德福,男,1951-06-23,B機構,2024-05-02,7,174.9,99.4,O,305,有,無,有,無,有
R0627,江志明,男,1946-08-10,B機構,2024-02-01,10,162.2,69.5,O,416,,無,無,無,無
R0432,邱榮梅,女,1946-02-03,B機構,2023-12-12,12,152.9,67.5,AB,114,無,無,無,有,無
R0093,高勇蘭,女,1929-07-06,A機構,2022-11-18,12,150.8,48.0,AB,409,有,無,無,有,有
R0622,吳月木,女,1948-03-22,B機構,2024-02-05,10,150.7,69.2,A,318,有,,無,,無
R0891,吳淑梅,女,1939-06-13,B機構,2024-03-09,7,157.4,63.0,O,206,有,無,有,有,有
R0096,何德清,男,1942-06-21,C機構,2024-09-30,10,161.1,60.5,A,119,無,無,無,有,有
R0151,郭桂雄,女,1929-01-26,A機構,2025-01-30,8,150.1,50.0,B,401,有,無,無,有,有
R0227,羅清華,女,1939-11-17,B機構,2024-02-08,6,145.4,56.0,O,203,無,無,N,無,有
R0677,王淑英,男,1950-06-19,B機構,2023-11-02,0,153.4,52.5,B,106,無,無,無,無,無
R0690,江春水,女,1932-05-07,A機構,2025-01-15,12,141.6,36.4,O,303,有,有,無,有,有
R0368,呂木華,女,1941-09-23,A機構,2025-03-21,8,147.1,,A,419,Y,有,無,無,有
R0857,鄭榮文,F,1940-06-12,B機構,2025-01-21,9,158.3,,B,110,無,有,無,無,無
R0654,謝芬桂,female,1955-05-07,C機構,2025-04-01,,157.2,52.0,O,217,無,無,無,有,無
R0899,何芬華,男,1944-03-12,A機構,2024-08-10,13,163.8,60.3,O,318,無,無,無,無,無
R0286,蘇德鳳,女,1941-06-23,B機構,2023-12-14,5,154.4,65.0,A,220,有,無,無,有,有
R0544,張月文,女,1939-01-28,A機構,2024-06-07,11,144.2,53.5,B,317,有,無,有,有,無
R0846,鄭水金,男,1945-06-16,A機構,2025-04-07,9,159.8,60.8,A,409,無,無,無,有,無
R0094,郭英明,女,1956-01-30,B機構,2024-06-13,13,154.9,51.8,A,310,有,有,無,無,有
R0818,徐雄春,女,1940-11-06,B機構,2024-01-05,13,157.6,64.4,O,420,有,無,無,有,有
R0130,郭蘭文,F,1945-09-28,C機構,2023-09-17,0,148.5,48.1,B,405,有,有,無,無,無
R0608,何鳳梅,男,1934-10-06,A機構,2025-02-01,11,162.5,61.6,B,111,無,有,無,Y,無
R0162,賴德雄,女,1944-07-14,A機構,2022-06-10,17,141.3,46.5,A,302,無,無,無,無,無
R0671,劉雄玉,女,1952-06-07,A機構,2022-09-28,8,155.7,55.6,AB,212,無,無,無,無,無
R0515,黃桂美,女,1942-11-03,C機構,2025-03-11,6,154.3,48.7,O,102,有,無,無,有,無
R0346,李梅淑,男,1940-08-27,B機構,2026-02-22,13,162.0,51.9,A,107,無,有,無,有,無
R0539,劉桂琴,女,1943-10-26,A機構,2024-04-26,12,150.2,55.6,A,102,無,無,有,有,有
R0349,莊勇勇,男,1934-12-10,C機構,2024-12-27,11,164.4,44.3,AB,302,有,有,無,有,無
R0233,許榮芬,男,1949-03-07,C機構,2024-11-02,8,1.6,58.8,O,410,有,有,無,有,無
R0747,謝蘭水,女,1943-01-23,A機構,2024-08-12,7,156.3,44.0,B,111,無,有,無,無,無
R0802,陳國志,男,1955-10-27,A機構,2023-08-12,11,176.5,60.5,O,218,無,無,無,無,無
R0514,劉蘭玉,女,1930-06-21,B機構,2025-02-19,不詳,149.3,64.9,B,119,無,有,無,有,無
R0374,王輝木,男,1940-04-11,B機構,2023-09-20,0,180.1,74.2,O,306,有,無,有,無,有
R0835,劉清雲,女,1953-08-20,B機構,2024-03-29,16,150.2,57.7,AB,320,有,Y,有,無,無
R0284,高秀明,F,1953-03-17,C機構,2025-05-05,7,148.9,58.8,O,207,無,無,Y,無,有
R0484,葉木木,男,1953/03/02,A機構,2024-02-09,5,165.5,62.2,O,213,無,無,有,有,有
R0567,林琴文,女,1948-08-28,A機構,2025-10-13,9,142.1,40.5,AB,309,無,無,無,無,無
R0033,洪桂英,F,1940-02-09,B機構,2024-04-20,1,154.9,55.8,O,318,有,有,無,無,無
R0190,江榮梅,女,1953-12-31,A機構,2024-06-29,13,152.4,54.1,B,401,有,無,有,無,無
R0660,羅春木,男,1943-03-08,A機構,2024-02-08,7,158.6,62.4,A,214,無,無,有,無,有
R0675,陳桂秀,男,1926-06-27,C機構,2024-10-11,5,166.9,0.0,O,207,有,無,無,無,有
R0836,曾勇國,男,1952-03-25,C機構,2025-12-07,9,154.1,58.4,O,110,無,無,N,無,有
R0825,張玉春,女,1944-12-13,A機構,2023-06-30,1,153.1,61.1,O,404,無,有,無,N,無
R0059,郭玉清,female,1954-07-10,B機構,2024-03-06,15,152.9,71.3,O,414,N,無,無,無,無
R0863,李國華,女,1826-04-02,C機構,2025-06-13,7,147.5,,O,416,有,無,無,無,有
R0556,羅勇月,女,1947-11-07,B機構,2025-08-20,12,148.7,51.2,AB,206,無,無,無,有,無
R0547,蘇國珠,女,1944/04/24,B機構,2022-11-12,0,148.9,,B,415,無,無,無,無,有
R0445,李秀清,女,1928-01-27,C機構,2024-04-27,11,157.1,50.0,A,117,無,無,無,Y,有
R0783,林水榮,女,1950-06-06,C機構,2024-09-23,13,153.9,47.7,O,119,有,無,無,無,無
R0136,呂珠梅,女,1943/05/06,B機構,2023-10-26,12,138.4,0.0,O,202,無,有,無,無,無
R0461,黃雲水,女,1953-10-28,C機構,2023-02-12,11,144.9,48.5,O,309,無,無,無,無,無
R0643,蕭秀美,男,1942-12-28,A機構,2024-11-30,6,164.7,66.8,B,217,無,無,無,有,無
R0244,王華琴,女,1950-05-03,C機構,2023-05-12,17,147.5,46.5,AB,119,有,無,無,有,無
R0215,徐淑水,女,1949-08-04,C機構,2024-12-16,16,148.9,56.6,AB,416,無,有,無,無,無
R0115,邱桂文,女,1933-08-13,B機構,2023-07-26,10,144.4,47.3,A,405,無,有,無,無,無
R0691,蕭琴珠,男,1941/11/03,A機構,2024-07-29,6,162.0,52.7,AB,410,無,無,,無,無
R0114,周秀雲,女,1950/06/29,A機構,2025-07-12,17,1.56,55.5,O,116,有,有,無,無,無
R0072,蕭桂清,男,1937-03-29,C機構,2024-09-19,6,164.2,51.8,B,309,無,無,無,有,有
R0388,葉淑蘭,男,1951-03-25,B機構,2022-08-30,12,163.3,54.0,B,216,無,有,無,無,無
R0841,周金淑,女,1945-05-25,B機構,2022-09-02,5,153.6,51.7,O,203,有,無,無,有,有
R0359,賴雲英,男,1944-01-19,C機構,2024-06-10,16,160.8,,B,414,有,無,無,無,無
R0300,陳梅木,男,民國39年3月14日,B機構,2024-11-09,10,159.8,56.3,AB,308,無,有,無,無,無
R0397,王榮英,男,1939-08-02,C機構,2024-12-22,5,168.6,51.4,O,409,有,有,有,N,有
R0228,賴文文,男,1942-06-24,B機構,2024-08-10,1,163.4,50.9,O,316,無,無,有,有,有
R0839,吳德月,女,1952-01-12,A機構,2024-07-28,13,152.2,50.6,O,116,有,有,有,N,無
R0812,蔡榮麗,女,1941-02-01,B機構,2024-04-05,13,144.8,44.5,B,313,無,無,無,有,無
R0371,江蘭英,女,1947-01-10,B機構,2023-03-20,8,149.9,40.7,A,103,無,無,有,無,無
R0833,洪木秀,男,1943-01-02,A機構,2024-06-22,5,1.68,61.8,B,214,有,有,N,有,有
R0031,呂清梅,女,1948-03-26,B機構,2023-11-15,0,1.54,65.5,A,106,,無,有,無,有
R0463,江芬華,女,1950-06-19,A機構,2023-04-23,7,154.7,57.2,O,213,有,無,無,無,有
R0224,周英芬,女,1950-11-09,C機構,2025-05-06,3,149.4,49.4,A,317,無,無,無,無,有
R0702,葉麗美,女,1940/12/22,C機構,2025-08-27,12,143.3,37.8,O,209,有,無,無,無,有
R0698,邱文珠,女,1938-10-27,A機構,2022-08-30,4,151.0,48.5,O,407,無,無,有,無,有
R0758,謝英玉,F,1943-08-25,A機構,2023-06-12,13,154.4,58.0,O,402,有,N,無,無,有
R0102,黃雲雄,男,1932-08-10,A機構,2023-02-10,9,154.7,48.7,B,306,N,有,無,有,無
R0015,賴桂芬,男,1940-06-19,A機構,2024-01-30,7,161.9,67.8,O,201,無,無,無,N,無
R0013,高月華,男,1939-12-16,B機構,2025-03-19,10,164.7,61.3,O,305,有,無,無,無,有
R0003,陳金清,女,1950-05-06,A機構,2023-12-04,6,158.7,67.8,B,211,有,無,無,有,有
R0345,蘇春輝,女,1946-07-16,A機構,2025-05-11,10,157.9,62.2,B,217,Y,有,無,無,無
R0454,謝水榮,女,1946-05-15,A機構,2025-10-12,4,147.2,50.4,B,101,無,無,無,N,無
R0308,周琴輝,男,1955-01-31,A機構,2025-08-16,2,174.4,74.9,A,106,有,有,無,無,有
R0464,許志勇,女,1952-08-23,B機構,2024-05-14,0,153.9,49.1,A,104,無,有,N,有,無
R0705,郭華雲,F,1958-11-23,B機構,2023-10-22,12,155.9,52.1,O,412,無,N,無,,有
R0590,鄭淑輝,男,1944-01-13,B機構,2024-01-15,5,156.1,61.6,O,109,有,無,無,有,無
R0596,羅明珠,F,1941/10/29,B機構,2025-01-01,9,145.7,60.1,O,308,無,無,有,無,無
R0764,邱福水,女,1943-08-27,A機構,2026-06-14,10,138.4,38.3,B,104,無,無,無,無,無
R0864,黃福德,女,1948-05-23,A機構,2025-05-06,10,154.4,46.5,O,309,無,N,無,無,無
R0546,洪國月,女,1953-07-31,A機構,2025-05-22,8,143.0,40.6,O,319,有,無,無,無,無
R0576,劉珠麗,女,1939-03-10,A機構,2024-05-18,8,150.2,64.9,B,113,有,無,無,有,有
R0279,廖明水,男,1950-10-20,C機構,2024-11-02,6,158.8,61.1,A,214,無,無,無,無,無
R0655,徐國勇,M,1944-11-01,A機構,2025-02-03,13,173.9,63.8,B,101,無,無,無,無,有
R0347,林春志,男,1942-04-15,A機構,2023-11-30,9,167.2,72.2,B,415,無,無,無,,無
R0018,鄭勇淑,男,1950-03-23,A機構,2025-06-16,3,177.0,73.0,A,215,Y,無,,無,有
R0230,周明春,女,1949-08-02,C機構,2026-05-26,12,145.1,56.5,B,305,無,有,無,無,無
R0813,王梅蘭,女,1954-06-05,A機構,2025-06-07,1,142.4,55.3,O,305,無,無,無,無,無
R0317,呂德水,女,1947-05-02,A機構,2023-11-26,9,166.6,80.7,A,306,無,無,無,無,無
R0385,蔡美國,女,1957-12-09,C機構,2024-02-27,9,152.1,46.4,A,309,有,無,,有,無
R0499,莊華文,女,民國29年9月17日,C機構,2025-01-06,12,148.2,,AB,419,無,N,有,無,有
R0709,洪鳳明,男,1938-09-21,B機構,2023-11-11,13,166.2,47.5,B,212,無,無,無,無,無
R0180,李水春,男,1951-07-04,B機構,2023-08-23,2,160.3,48.0,O,306,有,無,無,,無
R0465,李美水,男,1944/09/21,A機構,2023-05-11,7,161.5,49.7,A,417,有,無,無,有,無
R0052,鄭雲蘭,女,1951-06-15,B機構,2023-07-24,3,155.0,61.6,AB,201,無,無,無,無,無
R0885,鄭華德,女,1933-12-01,A機構,2024-06-03,3,148.2,45.6,A,111,有,無,無,無,有
R0534,蔡清秀,女,1946-02-10,B機構,2024-05-19,9,153.3,55.0,O,410,無,無,有,有,有
R0755,羅美德,男,1960-07-13,C機構,2025-04-16,1,158.6,,O,120,有,無,無,無,無
R0316,洪水金,F,1951-06-15,B機構,2023-10-22,6,149.6,48.6,A,110,無,無,無,無,有
R0396,洪琴輝,男,民國44年2月5日,C機構,2023-11-14,2,173.9,79.0,O,102,無,無,無,無,無
R0517,楊珠志,女,1937-09-05,C機構,2024-09-16,11,150.8,45.6,O,212,有,有,無,無,有
R0797,吳輝雲,女,1946-09-11,A機構,2023-01-03,10,149.4,40.1,A,317,有,N,無,有,無
R0282,邱春珠,female,1939-05-29,A機構,2023-02-19,6,151.0,54.6,A,214,有,無,無,無,無
R0165,林德琴,女,1952-03-03,B機構,2024-09-18,6,153.4,54.1,A,207,有,無,無,無,無
R0373,曾玉雲,男,1941-02-20,B機構,2023-10-26,15,157.7,51.9,A,210,無,無,無,無,無
R0112,洪芬淑,女,1948-10-23,A機構,2024-06-27,12,160.4,55.9,O,418,無,有,N,,無
R0786,廖蘭芬,女,1947-07-01,B機構,2025-08-27,0,141.9,52.1,B,120,無,無,無,有,有
R0581,何玉桂,女,1949-06-20,B機構,2024-09-04,7,148.9,39.0,A,210,有,無,無,有,無
R0336,謝雲清,男,1951-08-06,A機構,2024-11-10,9,175.9,73.9,A,117,無,無,無,無,無
R0256,郭輝金,女,1947-05-08,C機構,2024-10-29,5,153.9,65.0,B,207,無,,無,無,無
R0577,呂雄美,女,1938-01-31,A機構,2024-01-19,9,1.49,48.4,A,401,無,無,無,有,有
R0186,賴金玉,男,1954/07/19,C機構,2026-01-02,4,172.6,72.0,O,313,有,無,無,無,無
R0149,蘇明玉,女,1934-10-08,C機構,2024-11-19,5,148.0,,B,302,無,無,無,無,無
R0198,張蘭琴,女,1945-03-19,B機構,2022-12-18,10,142.0,40.5,A,217,有,有,有,無,無
R0847,羅志桂,女,民國33年7月4日,A機構,2023-10-08,5,152.8,61.4,A,402,無,無,無,有,有
R0792,郭麗秀,女,1939-11-27,B機構,2023-03-19,8,147.9,57.2,A,208,N,無,無,N,無
R0711,黃玉英,女,1939-03-04,C機構,2025-12-14,10,151.4,51.1,AB,411,有,有,無,有,無
R0603,邱德蘭,女,1948-11-27,C機構,2023-03-06,11,156.4,45.2,O,405,有,有,N,有,有
R0066,楊芬勇,女,1944-02-07,C機構,2023-05-18,16,146.1,54.2,O,311,無,無,無,無,有
R0688,蘇雲勇,女,1938-09-02,C機構,2024-06-29,11,154.6,53.2,A,401,有,無,無,有,無
R0680,徐美榮,女,1938-11-15,A機構,2022-12-22,7,140.6,35.6,A,311,無,無,N,無,有
R0537,高福鳳,男,1940/02/20,C機構,2024-05-01,10,171.4,67.1,O,212,無,無,無,無,無
R0322,莊雲美,女,1937-05-29,B機構,2024-03-12,6,162.7,68.8,B,313,有,無,無,無,有
R0363,蘇琴華,女,1960-12-15,B機構,2022-11-18,5,157.9,56.7,B,105,有,,無,有,無
R0414,徐明鳳,女,1949-12-04,A機構,2023-08-20,17,1.4,39.9,AB,308,有,無,有,無,無
R0571,莊桂鳳,女,1947-03-24,B機構,2023-07-23,,150.0,64.3,O,215,有,無,無,無,無
R0542,郭國梅,男,1943-05-01,C機構,2024-08-23,13,158.2,59.5,B,103,無,無,無,無,無
R0820,李志鳳,女,1947-07-27,C機構,2024-04-22,,141.9,44.1,A,104,有,無,有,有,無
R0880,何春雲,女,1937-04-05,A機構,2023-09-13,1,151.7,64.0,B,317,無,無,無,有,有
R0525,江文明,男,1936-08-07,A機構,2023-10-17,1,160.7,54.3,O,303,有,無,無,有,有
R0327,邱金清,F,民國34年11月16日,C機構,2024-08-03,9,149.2,59.7,B,208,無,無,無,無,有
R0529,徐文勇,F,1947/10/21,C機構,2023-04-08,0,153.5,44.4,O,112,有,無,無,無,無
R0351,林雲琴,女,1934-06-03,A機構,2023-06-08,8,141.6,44.0,A,110,無,無,無,,有
R0554,廖麗蘭,女,1939-05-29,A機構,2025-10-25,12,155.2,53.2,O,202,無,有,無,無,有
R0482,葉鳳琴,男,1951-10-27,A機構,2025-09-14,10,168.9,0.0,O,302,無,,無,無,有
R0023,賴淑金,男,1945-05-27,B機構,2023-10-02,3,159.2,54.7,O,111,有,無,無,無,有
R0665,謝月月,男,1948-05-23,C機構,2024-06-02,17,159.1,38.0,O,119,有,無,無,無,無
R0358,張麗月,女,1945-01-15,C機構,2026-02-22,5,153.1,64.2,AB,301,有,無,無,,有
R0088,郭麗德,male,1950-05-20,C機構,2025-02-16,,168.4,53.9,B,203,無,無,無,有,無
R0592,蔡蘭梅,男,1933-01-02,A機構,2025-03-03,9,173.6,77.0,A,117,有,有,,有,有
R0171,呂麗玉,F,1951-05-02,B機構,2023-12-03,7,152.3,40.7,A,311,有,有,無,無,無
R0731,葉德珠,女,民國22年5月18日,B機構,2022-07-05,10,144.4,37.6,O,420,無,有,無,無,無
R0725,蔡德文,女,1944-05-04,A機構,2025-04-20,5,158.5,67.6,B,314,有,有,N,無,有
R0040,楊琴月,女,1953-11-14,A機構,2023-11-15,10,158.3,,A,208,有,無,有,無,有
R0155,廖文雲,M,1953-07-18,B機構,2024-07-26,13,169.8,70.7,B,119,無,無,,無,無
R0273,洪鳳雲,男,1949-12-26,A機構,2025-06-18,6,163.8,59.7,B,210,無,無,有,有,無
R0294,鄭勇麗,女,1948-07-30,A機構,2024-06-29,5,155.9,53.2,O,315,有,無,無,有,無
R0288,呂明雲,女,1933-12-27,C機構,2024-01-01,13,149.0,37.5,B,105,有,有,無,無,無
R0661,張淑桂,女,1952/02/09,A機構,2024-06-25,1,153.8,69.2,O,115,無,有,有,無,有
R0257,高金志,女,1942-10-30,A機構,2024-02-25,6,154.8,49.9,O,310,有,無,有,無,有
R0668,黃春金,女,1939-05-30,A機構,2025-01-29,15,149.0,49.3,B,320,無,有,無,無,無
R0895,鄭蘭春,male,1945-05-16,C機構,2023-01-09,12,148.2,48.9,A,312,無,N,無,無,有
R0108,呂勇淑,男,1950-06-09,C機構,2023-08-22,8,165.3,54.1,A,116,有,無,無,無,無
R0232,何水麗,女,1944/09/09,B機構,2024-07-23,10,160.0,52.3,B,218,無,無,有,有,無
R0892,莊梅蘭,女,1942-09-02,C機構,2025-02-25,10,156.5,50.6,O,216,有,有,無,有,有
R0543,謝志桂,女,1960/08/24,A機構,2024-06-21,,153.3,52.0,AB,418,有,無,無,有,無
R0823,葉榮木,男,1936-08-08,A機構,2022-12-12,11,161.6,63.9,AB,308,無,無,無,有,無
R0745,謝秀國,女,1953-06-26,B機構,2025-05-07,12,151.1,61.6,O,413,有,無,無,有,無
R0037,林華雄,female,1951-10-05,B機構,2024-07-07,13,152.1,51.6,O,212,無,有,無,N,有
R0216,羅國德,女,1939-08-13,B機構,2025-08-02,12,153.5,50.4,O,204,無,有,N,無,有
R0555,許秀木,男,1941-08-17,A機構,2023-02-17,0,161.8,46.0,A,209,無,無,無,無,無
R0788,洪淑志,女,1946-02-09,B機構,2025-06-21,12,144.3,48.3,B,117,有,有,有,無,有
R0168,洪華清,女,1945-12-31,B機構,2024-10-26,12,155.9,59.2,O,112,無,有,無,無,無
R0338,楊芬麗,女,1949-01-04,A機構,2024-01-23,13,144.8,53.5,O,312,有,無,無,無,無
R0145,高勇國,女,1938-01-24,B機構,2025-01-13,,154.3,46.4,B,311,無,有,無,有,無
R0642,周淑明,女,1939-03-15,A機構,2023-09-12,9,153.4,58.7,AB,214,無,無,無,無,無
R0071,郭輝麗,男,1946-11-11,B機構,2025-07-10,0,162.4,74.7,A,217,無,無,無,有,有
R0808,吳玉榮,男,1940-12-28,A機構,2024-06-25,13,158.0,74.4,O,102,N,有,無,無,有
R0058,羅華鳳,女,1944-02-28,B機構,2025-06-11,10,155.5,56.1,O,303,無,無,有,有,有
R0860,吳麗蘭,女,1951-03-13,B機構,2023-11-04,6,165.2,0.0,AB,217,無,無,無,無,無
R0369,蔡梅木,女,1951-04-22,A機構,2024-09-29,9,157.1,50.6,O,419,N,有,有,無,無
R0733,陳淑金,男,1943/01/19,C機構,2023-09-29,9,165.6,63.9,B,407,無,無,無,有,有
R0628,徐梅雄,女,1942-05-12,C機構,2024-08-03,8,161.3,56.6,A,309,有,有,無,無,無
R0429,黃德清,男,1939-03-18,B機構,2024-02-28,,175.8,77.5,A,202,無,無,有,無,有
R0777,黃雲勇,男,1953-02-21,A機構,2025-04-02,10,1.58,63.7,O,305,有,N,無,無,無
R0667,陳榮麗,female,1955-02-25,A機構,2025-03-08,3,1.64,45.8,A,215,有,無,有,無,無
R0383,葉國秀,男,1947-08-18,B機構,2025-08-01,10,158.7,61.8,B,408,有,無,無,無,無
R0332,蕭志珠,女,1940-11-06,B機構,2024-03-22,8,157.4,59.7,O,209,有,無,有,N,無
R0074,洪木木,女,1942/01/28,A機構,2024-01-19,11,148.8,33.2,B,320,有,有,無,有,無
R0754,林美志,女,1953-12-11,C機構,2023-07-25,0,1.47,52.2,O,303,有,無,無,無,有
R0488,王福鳳,男,1946-09-25,A機構,2024-03-10,9,155.4,58.2,B,216,無,無,無,無,無
R0619,謝福志,男,1942-01-20,C機構,2025-05-18,9,163.7,60.4,O,420,無,無,無,無,無
R0384,呂蘭德,M,1945-04-29,A機構,2022-09-09,1,177.3,79.8,B,408,無,無,無,有,有
R0799,鄭玉淑,M,1946/07/19,A機構,2025-03-25,13,176.5,72.2,AB,210,有,無,無,無,無
R0057,劉秀梅,女,1950-06-06,A機構,2025-05-07,0,152.6,55.7,O,412,有,無,無,無,有
R0298,羅水麗,男,1946-06-29,A機構,2023-12-21,5,165.2,62.9,B,319,有,無,無,有,有
R0259,黃琴木,女,1949-05-22,A機構,2026-02-02,0,158.0,67.7,O,218,無,無,,Y,有
R0248,廖英榮,男,1940-10-04,A機構,2024-06-04,13,170.7,73.0,A,409,無,N,無,無,有
R0376,洪水榮,女,1953-11-19,B機構,2024-03-09,17,157.1,0.0,A,114,無,無,無,無,無
R0084,曾華琴,男,民國39年12月12日,C機構,2023-11-19,17,1.57,63.8,B,315,有,無,無,無,有
R0012,羅美榮,男,1942-06-18,B機構,2025-03-29,不詳,168.5,57.0,O,418,有,無,無,無,有
R0569,周雲美,女,1935/10/17,A機構,2023-08-14,9,152.0,46.9,O,119,有,無,無,有,有
R0882,楊德蘭,M,1934-04-04,A機構,2025-05-09,7,159.7,63.2,A,313,有,有,無,無,無
R0133,蕭秀福,女,1943-07-05,A機構,2024-09-02,8,147.5,56.2,O,117,無,無,無,無,有
R0798,謝木雄,女,1956-10-19,B機構,2025-12-31,10,145.2,56.2,A,408,有,有,無,無,有
R0172,洪淑明,女,1940-09-01,C機構,2025-07-08,不詳,159.5,63.3,O,311,有,無,無,無,無
R0291,劉美清,女,1938-08-08,A機構,2026-06-06,0,151.7,55.2,O,110,Y,有,無,無,有
R0480,蔡秀雲,female,1943-02-26,A機構,2024-07-20,6,1.48,67.8,AB,320,有,無,無,無,無
R0153,王水美,女,1941-08-28,B機構,2022-08-08,0,151.0,42.6,A,405,無,有,N,無,有
R0262,張美秀,女,1938-03-03,B機構,2024-06-13,7,154.2,51.3,B,210,有,有,有,無,有
R0679,郭鳳德,女,1952/08/01,A機構,2023-09-27,8,151.5,51.2,O,211,有,無,無,無,無
R0684,李桂福,男,1955-02-16,A機構,2024-02-13,15,152.4,54.7,B,313,,無,無,有,無
R0307,蘇琴國,男,1933-11-16,B機構,2024-01-22,16,170.9,60.0,A,213,無,有,無,有,無
R0719,楊德德,女,1940-05-31,A機構,2024-12-21,12,153.8,53.5,A,417,有,無,無,無,無
R0046,許雲清,女,1945/05/20,B機構,2023-04-10,0,1.64,57.5,O,108,有,無,N,無,無
R0746,徐月水,M,1950-02-24,B機構,2024-09-10,0,171.9,64.0,O,203,有,無,無,無,有
R0249,洪福琴,女,1953-01-17,C機構,2024-04-14,15,155.6,51.0,O,110,Y,有,Y,有,無
R0552,何春志,女,1944/08/10,B機構,2024-10-02,6,149.5,39.0,O,313,有,無,有,無,有
R0624,林德雄,M,民國27年4月19日,A機構,2023-07-29,1,1.71,70.9,A,212,無,有,無,無,有
R0631,洪春英,女,1951-05-27,A機構,2023-10-12,0,155.6,58.4,B,118,有,有,有,無,無
R0303,楊雲勇,女,1944-07-11,A機構,2024-01-16,9,156.4,45.4,O,310,無,無,無,無,有
R0061,張淑月,女,1937-10-06,B機構,2022-08-08,4,148.4,56.0,B,418,無,有,無,無,無
R0225,黃英輝,女,1936-06-03,B機構,2023-07-11,12,141.4,47.0,O,204,無,無,無,無,有
R0851,洪琴輝,女,民國31年8月27日,C機構,2024-09-20,11,149.7,43.6,B,318,無,有,無,無,有
R0304,徐文鳳,男,1946-10-21,C機構,2024-07-07,5,164.8,56.6,O,301,有,無,N,無,無
R0850,黃水美,男,1955-05-20,A機構,2025-10-11,9,164.9,63.7,O,111,有,無,無,有,有
R0855,邱金勇,女,1948-06-28,A機構,2024-04-17,11,139.3,50.8,A,305,有,,無,有,無
R0713,呂雄福,male,1951-11-14,A機構,2023-10-30,0,167.1,77.2,O,413,有,無,無,無,無
R0481,賴玉明,女,1950-02-18,A機構,2023-06-23,8,154.3,43.0,O,313,Y,有,,有,無
R0179,洪輝清,女,1948/05/15,B機構,2025-06-05,12,159.2,63.5,B,110,無,有,有,無,無
R0393,蘇志桂,女,1945-07-09,B機構,2025-11-04,8,151.4,50.3,A,208,無,有,無,無,無
R0609,謝木秀,女,1947-01-08,B機構,2023-12-03,12,152.9,49.6,O,102,無,無,有,無,無
R0140,吳德志,F,1951-12-28,A機構,2023-12-03,17,149.2,59.2,O,104,有,無,有,有,有
R0120,李文榮,女,1940-03-07,A機構,2022-12-22,7,156.6,54.3,A,405,有,無,無,無,無
R0360,呂秀水,女,1943-05-17,B機構,2025-11-06,13,156.7,56.4,A,405,有,無,無,有,有
R0865,黃水明,F,1945/07/28,B機構,2025-04-18,10,148.2,,B,220,有,無,無,無,無
R0456,林德秀,女,1951-06-23,A機構,2024-07-08,8,148.6,48.0,O,303,有,無,無,無,有
R0329,王麗輝,男,1953-02-26,B機構,2025-02-13,0,161.6,65.0,A,105,有,有,無,無,有
R0241,蕭明國,female,1952-11-04,A機構,2026-03-23,6,152.0,46.2,O,308,無,有,無,無,無
R0694,洪梅月,女,1942-09-28,C機構,2024-05-13,7,155.3,44.1,B,217,有,無,無,,無
R0736,李雲淑,女,1949/10/12,C機構,2025-05-08,12,146.4,55.0,O,411,無,無,無,有,有
R0415,蔡秀雲,F,1949/05/16,A機構,2023-03-16,12,140.9,48.6,O,208,有,無,無,無,無
R0404,郭桂國,男,1939-12-18,B機構,2024-05-19,8,154.6,36.8,O,219,無,無,無,無,無
R0716,鄭金淑,F,1949-12-05,B機構,2023-09-16,13,147.4,45.8,A,103,,無,無,無,無
R0194,黃月雄,male,1943-08-28,B機構,2023-09-19,3,175.0,69.1,O,412,無,無,N,無,有
R0247,高輝月,M,1941-07-13,A機構,2023-11-19,17,160.5,61.1,B,417,無,,無,N,無
R0794,李文麗,F,1933-03-12,C機構,2024-02-13,0,153.3,56.5,A,203,無,無,無,有,無
R0183,周美國,女,1951-06-29,C機構,2024-02-03,11,156.2,59.9,A,410,有,無,無,無,無
R0693,張琴勇,男,民國32年3月22日,A機構,2024-08-09,,151.6,44.4,B,202,有,無,有,有,有
R0008,林月蘭,女,1935-01-18,C機構,2023-06-13,5,162.9,61.8,B,404,有,有,無,有,有
R0824,楊梅鳳,F,1947-06-12,B機構,2025-07-09,12,146.0,50.2,O,419,無,無,無,無,無
R0837,周金春,男,1950-12-26,B機構,2024-01-30,6,156.1,52.7,O,405,有,無,無,有,無
R0500,羅明金,男,1949-02-05,B機構,2025-06-04,10,149.6,44.3,A,314,有,有,N,無,無
R0580,鄭珠麗,女,1948-01-08,B機構,2024-03-14,17,142.2,39.8,B,403,無,無,無,有,無
R0020,吳勇春,男,1933-12-24,B機構,2024-09-29,17,1.58,38.3,O,413,,無,有,無,有
R0169,邱梅琴,女,1948-07-01,B機構,2024-04-02,7,158.8,71.8,O,420,無,,無,無,有
R0494,陳梅珠,男,1948-11-10,B機構,2025-04-02,,173.1,70.9,O,102,有,無,無,無,無
R0032,許文華,女,1940-05-27,A機構,2025-02-28,4,148.1,48.6,B,117,無,有,無,,有
R0826,洪琴玉,男,1938-01-23,B機構,2024-07-13,8,156.5,36.7,O,410,有,有,無,有,有
R0650,王美桂,男,1951-07-09,B機構,2025-01-11,4,158.6,65.3,A,218,有,有,N,無,有
R0424,蘇美德,女,1947-10-27,C機構,2023-11-24,10,145.2,,A,102,有,無,無,無,無
R0097,羅蘭淑,女,1950-09-04,A機構,2025-01-02,3,152.3,56.6,A,103,,無,無,無,無
R0069,莊月美,M,1946-04-21,C機構,2024-04-06,3,170.1,50.1,A,204,無,有,有,無,無
R0513,張清志,男,1951-05-08,C機構,2022-09-21,13,163.3,51.0,AB,312,無,有,無,無,無
R0656,江麗蘭,女,1948-11-16,C機構,2025-05-23,12,159.3,57.0,B,403,有,有,無,無,有
R0265,賴德勇,女,1947-06-04,A機構,2024-04-03,0,159.2,66.5,O,204,有,有,無,無,有
R0053,蔡金英,女,1933-07-02,C機構,2023-07-09,12,140.9,50.0,A,104,有,無,無,無,無
R0370,高蘭秀,男,1943-10-13,A機構,2023-10-18,5,166.1,62.7,O,101,無,無,無,有,無
R0732,李梅木,男,1932/12/28,C機構,2024-07-10,10,158.6,49.5,A,217,無,有,無,無,有
R0361,謝木梅,女,1953-01-25,A機構,2023-07-10,17,151.8,52.3,B,202,無,無,無,無,無
R0154,李雲玉,女,1942-02-13,A機構,2023-11-03,5,145.8,49.7,O,301,有,有,無,有,有
R0666,呂華木,female,2031-07-15,C機構,2023-10-30,5,1.56,52.9,A,408,有,有,無,無,有
R0177,周淑華,男,1950-10-24,C機構,2023-03-21,15,168.3,66.1,A,409,無,有,無,有,有
R0331,吳美蘭,女,1952-11-21,C機構,2024-03-15,3,151.2,58.3,B,120,無,無,無,無,無
R0553,蔡芬金,男,1955-04-28,B機構,2024-08-23,12,171.4,56.6,A,316,,有,無,有,無
R0730,蘇國桂,女,1945-04-11,A機構,2024-08-04,5,147.1,42.7,O,308,無,無,無,有,無
R0535,羅清蘭,男,1946-08-12,B機構,2023-04-11,11,164.3,59.7,O,318,有,無,有,有,有
R0434,邱秀玉,女,1949-12-28,B機構,2025-11-18,,142.2,53.4,O,109,無,無,無,無,無
R0302,林木志,男,1940-06-02,A機構,2025-11-16,11,161.0,55.9,B,312,有,無,無,N,有
R0181,莊木珠,女,1937-01-14,C機構,2024-03-25,0,148.9,57.6,O,320,有,無,無,Y,無
R0458,曾德水,男,1946-05-24,A機構,2023-06-23,5,166.5,52.4,O,117,有,有,無,無,有
R0510,羅木蘭,男,1950-05-29,C機構,2025-05-20,0,153.6,54.8,B,320,有,有,無,有,有
R0060,李芬德,女,1955-10-31,A機構,2025-04-09,13,157.0,85.5,B,213,有,無,有,無,無
R0281,謝淑春,M,1948-05-19,B機構,2024-10-03,16,164.7,47.5,O,320,N,無,有,無,有
R0473,王梅鳳,男,1953-04-13,A機構,2024-05-15,1,165.1,46.4,O,207,無,無,無,無,無
R0629,張英桂,男,1943-01-28,B機構,2025-02-10,9,155.1,45.9,A,219,有,無,無,Y,有
R0557,王德琴,F,1936-05-17,A機構,2023-03-16,11,151.3,64.0,O,211,有,無,無,無,有
R0203,周英麗,女,1947-06-24,B機構,2025-04-10,4,158.1,59.8,B,308,有,無,Y,有,有
R0790,蔡鳳志,女,1949-02-07,B機構,2024-11-03,4,150.8,46.8,A,114,無,N,無,無,無
R0160,吳勇秀,男,民國27年8月11日,C機構,2024-07-09,7,166.1,69.8,A,104,無,有,N,有,無
R0600,黃麗雄,男,1928/08/05,A機構,2024-06-13,13,166.1,57.3,A,120,有,無,無,無,無
R0505,蔡玉志,男,1948-03-25,A機構,2025-04-10,5,168.6,58.6,O,214,有,有,無,無,有
R0810,黃福美,女,1949/01/14,A機構,2023-05-11,12,144.7,42.8,O,311,有,有,無,無,有
R0380,徐國英,女,1953/08/07,B機構,2024-12-23,6,143.6,54.4,AB,210,有,無,無,無,無
R0883,何清梅,男,1946-04-23,A機構,2025-02-23,4,163.0,73.9,O,303,無,Y,有,有,無
R0827,陳華蘭,男,1941-04-06,B機構,2024-12-05,1,158.6,45.9,AB,410,無,無,無,有,有
R0220,葉麗輝,男,1944-07-22,C機構,2024-12-16,17,170.4,88.8,O,414,有,無,N,無,無
R0469,鄭水雄,女,1946-11-15,B機構,2023-07-08,13,142.8,48.0,O,305,有,有,無,無,有
R0849,曾德英,男,1941-05-27,A機構,2023-11-11,8,157.0,87.0,A,210,無,有,無,有,有
R0313,楊明榮,女,1944-06-20,B機構,2024-10-28,10,156.1,57.3,AB,109,有,無,無,有,有
R0301,許德金,女,1955-06-14,A機構,2024-09-24,8,135.2,34.7,A,319,Y,無,無,Y,無
R0739,鄭輝月,男,1940-03-04,A機構,2023-11-09,17,178.8,79.3,O,106,有,有,有,有,有
R0128,林金德,F,1942-01-24,C機構,2023-09-15,7,156.5,58.4,B,120,有,無,無,無,無
R0815,周雲麗,F,1946-03-11,C機構,2024-08-13,13,159.9,69.0,O,109,無,無,無,有,無
R0579,黃美雄,女,1937-12-13,C機構,2024-08-02,9,156.4,53.8,O,306,無,無,無,無,有
R0519,徐英榮,female,1954-09-04,B機構,2024-04-07,4,156.8,47.1,O,114,無,有,無,無,無
R0527,蔡明琴,女,1953/01/28,B機構,2025-04-20,6,157.4,49.9,B,214,有,無,無,無,無
R0413,郭福琴,男,1951-04-20,A機構,2024-11-11,,166.7,64.5,AB,317,無,有,有,無,無
R0362,高榮秀,女,1942-09-17,A機構,2024-04-20,17,159.3,47.2,B,107,有,無,無,無,無
R0188,葉芬榮,female,1948-12-19,C機構,2023-08-05,6,156.0,64.3,B,301,N,有,無,無,無
R0101,葉琴勇,女,1938-04-28,A機構,2024-08-14,13,153.4,53.4,A,217,Y,無,無,有,有
R0395,郭鳳志,男,1960-05-30,C機構,2025-09-03,7,168.6,77.5,A,405,無,無,有,無,有
R0107,羅春華,女,1937-07-13,A機構,2023-08-17,16,158.5,41.3,AB,318,無,無,無,無,無
R0210,王麗雲,女,1937-12-16,B機構,2024-06-01,6,147.4,54.9,O,319,有,無,無,無,無
R0584,黃英淑,F,1941/04/16,A機構,2023-04-17,7,150.9,43.0,O,209,有,Y,無,有,無
R0406,呂琴輝,女,1943-08-13,A機構,2026-01-26,7,154.2,53.4,B,418,有,無,無,無,無
R0319,高金鳳,男,1946/01/23,B機構,2024-03-31,8,169.9,67.7,O,305,有,N,,有,無
R0067,黃華蘭,女,1947/11/06,C機構,2023-08-20,13,144.4,50.1,B,305,無,有,有,無,有
R0051,蕭桂春,女,1944-08-15,B機構,2025-04-13,5,153.9,58.0,A,310,無,無,無,無,無
R0421,葉鳳琴,女,1932-05-28,B機構,2024-06-10,3,145.2,42.7,A,410,有,無,無,有,有
R0765,黃輝福,女,1940/08/11,A機構,2025-12-28,10,155.5,61.7,AB,215,無,有,Y,無,有
R0597,蕭國玉,女,1937-09-23,C機構,2026-03-21,10,160.3,48.1,A,110,無,有,無,無,有
R0075,吳清榮,女,1947-03-13,A機構,2025-01-20,13,153.5,60.3,AB,109,無,無,無,無,有
R0309,周鳳輝,女,1940/07/25,C機構,2025-05-21,0,158.0,69.7,B,215,有,無,有,有,有
R0428,呂蘭鳳,女,1933-05-23,B機構,2026-01-11,4,151.9,50.6,B,112,無,無,有,N,有
R0315,王志勇,女,1943-09-25,A機構,2023-09-26,6,140.6,46.4,O,212,有,無,無,無,無
R0489,周文榮,男,1941-02-19,A機構,2024-07-07,9,163.1,51.1,B,305,無,,無,有,有
R0572,江文麗,女,1938-08-01,A機構,2023-06-29,9,153.1,56.9,B,414,無,無,無,無,有
R0030,王琴琴,女,1942/01/13,A機構,2025-06-10,1,149.0,40.0,A,404,無,無,無,無,無
R0787,邱清清,女,1926-05-23,B機構,2023-10-03,7,157.7,49.5,A,420,有,有,無,Y,無
R0502,江清華,F,1939-06-09,B機構,2024-08-07,9,141.5,39.0,O,208,有,無,無,無,無
R0266,徐梅淑,男,1946-05-03,A機構,2025-08-19,10,164.3,68.1,O,120,有,無,無,無,有
R0869,許玉桂,女,1931-12-13,A機構,2024-07-01,3,149.4,43.0,O,314,無,無,有,有,有
R0283,謝清勇,男,1949-02-18,B機構,2024-06-07,15,165.7,65.4,O,212,,無,無,無,無
R0150,高雲福,女,1939/10/23,B機構,2023-09-12,13,155.4,49.0,B,402,無,有,有,無,無
R0685,楊志志,男,1944-02-02,C機構,2024-11-24,7,168.6,48.7,O,413,無,無,無,無,有
R0138,羅榮美,男,1939-07-11,C機構,2022-09-09,12,164.0,51.3,O,401,無,無,無,無,無
R0214,呂玉華,女,1940-12-16,B機構,2025-04-11,17,145.7,57.2,O,405,無,,有,N,有
R0455,陳麗志,F,1942/02/03,C機構,2025-09-17,7,155.3,44.7,O,307,無,有,無,有,有
R0589,張清玉,女,1939/07/26,A機構,2025-06-11,6,154.3,55.3,A,215,有,無,無,無,無
R0704,林蘭蘭,男,1954-12-11,C機構,2024-09-10,3,156.3,50.5,O,214,有,有,無,有,無
R0438,吳珠麗,F,1949-05-30,B機構,2025-08-21,7,148.8,59.1,AB,412,無,N,無,無,無
R0310,鄭美蘭,女,1945-06-21,A機構,2023-11-18,9,146.7,42.8,O,219,有,無,無,有,有
R0509,鄭國琴,女,1946-04-11,A機構,2024-12-06,2,147.4,44.5,B,320,有,有,有,有,有
R0341,李志美,女,1942-09-05,A機構,2024-03-08,15,162.1,67.6,O,201,有,無,無,無,無
R0431,吳蘭鳳,F,1948/11/02,A機構,2025-05-11,6,150.5,49.0,O,317,有,有,有,有,有
R0614,陳玉國,女,1940/08/02,A機構,2024-05-23,5,159.8,61.6,B,118,有,無,無,無,有
R0625,廖英蘭,女,1952-05-19,A機構,2024-09-17,16,151.9,47.2,O,418,無,無,無,無,無
R0593,郭雲木,男,1939-04-08,B機構,2025-04-08,16,154.9,56.1,A,312,有,有,無,無,有
R0737,洪美木,male,1934-12-29,A機構,2023-03-29,,173.6,47.2,A,215,無,無,有,有,無
R0843,邱桂秀,女,1949-11-03,B機構,2023-08-02,4,154.4,52.5,O,205,有,無,無,有,無
R0582,周秀德,男,1947-06-29,A機構,2024-01-16,2,169.3,50.9,O,208,無,無,無,無,有
R0516,謝秀文,女,1925-04-27,B機構,2025-03-30,9,159.3,60.8,B,404,有,無,無,無,無
R0205,謝麗琴,女,1949-03-17,A機構,2024-02-02,11,148.4,51.8,O,108,無,無,無,無,無
R0848,陳芬金,男,1945-09-12,A機構,2025-07-24,9,169.6,79.1,A,317,有,無,Y,無,無
R0712,高輝雄,女,1946-12-24,C機構,2023-06-14,15,153.3,74.0,A,415,有,有,無,有,無
R0634,莊英英,女,1943-10-11,C機構,2023-06-02,17,145.7,39.7,B,317,有,Y,無,無,有
R0845,吳水雄,女,1948-08-02,A機構,2024-07-24,9,154.9,52.3,O,101,有,有,無,有,有
R0530,何芬春,女,1939-09-27,A機構,2024-03-30,10,147.3,53.6,AB,410,有,Y,有,有,有
R0752,徐水英,男,1954/09/24,A機構,2025-02-16,9,171.8,49.1,O,207,無,有,無,無,無
R0599,邱清勇,女,1943/10/20,A機構,2024-07-26,8,154.2,49.4,O,117,無,無,無,無,無
R0623,黃秀麗,男,1942-03-31,A機構,2024-02-17,10,168.5,67.5,B,416,有,有,無,有,有
R0803,王明鳳,女,1942-04-26,B機構,2025-02-08,17,154.3,35.8,B,112,有,無,Y,無,有
R0470,周福榮,女,1944-12-10,C機構,2023-12-10,1,150.8,60.9,O,103,有,有,無,無,有
R0275,林清水,女,1945-09-24,C機構,2024-01-24,17,162.9,55.6,A,305,有,無,無,無,無
R0649,蔡輝英,女,1938-01-21,C機構,2023-04-23,9,151.6,50.2,O,206,無,有,無,無,有
R0620,莊芬水,女,1941/10/28,A機構,2025-02-22,15,159.3,55.8,B,408,,N,有,有,有
R0312,高清芬,男,1929-07-21,A機構,2024-06-26,1,155.4,55.1,O,115,無,有,無,無,無
R0574,謝玉鳳,女,1948-12-31,C機構,2025-11-03,13,149.0,41.8,A,110,有,有,N,無,無
R0211,葉芬輝,女,1951-08-02,C機構,2024-11-15,7,147.8,39.7,A,105,無,有,無,N,有
R0779,黃雄玉,女,1938-07-01,C機構,2024-07-12,11,148.8,62.5,B,409,有,無,有,無,無
R0290,何蘭蘭,男,1930-04-20,C機構,2025-08-22,9,156.8,54.7,O,212,有,無,無,無,有
R0633,郭淑金,F,1945-11-02,A機構,2025-07-27,5,154.2,61.3,B,316,無,N,無,無,有
R0523,莊桂志,女,1941-11-19,A機構,2023-07-12,1,153.8,76.7,B,214,Y,Y,無,無,有
R0254,周榮秀,男,1936-03-28,A機構,2023-05-14,13,164.8,68.1,AB,203,無,無,N,無,無
R0034,羅木木,男,1953-02-16,B機構,2024-03-24,4,162.3,54.7,O,316,無,無,無,無,無
R0689,何輝秀,女,1944/01/20,A機構,2025-06-15,8,154.3,59.2,A,307,有,無,有,,有
R0367,呂榮木,男,1936-05-25,A機構,2024-05-20,10,176.7,57.9,AB,304,無,有,無,無,有
R0433,許水珠,女,1937-01-17,B機構,2025-06-03,15,156.2,72.0,A,203,Y,無,無,無,無
R0644,蘇華福,女,1952-07-17,A機構,2023-06-26,,157.3,41.4,AB,210,無,無,無,無,有
R0875,蕭鳳桂,女,1951-10-05,A機構,2025-04-25,10,143.2,47.0,A,120,無,無,無,有,有
R0486,洪珠玉,男,1949/07/10,C機構,2023-08-26,5,1.68,56.5,B,406,無,無,無,無,無
R0079,張德國,女,1942/07/05,B機構,2025-01-08,6,151.0,,A,405,有,有,無,無,有
R0474,李福華,女,1942-03-19,C機構,2023-05-07,9,151.6,42.0,B,403,無,無,有,有,有
R0407,吳輝梅,男,1951-05-22,C機構,2024-12-23,5,155.3,52.6,AB,113,有,無,無,無,有
R0664,吳月明,女,1947-08-22,B機構,2024-06-02,13,162.5,71.4,O,318,有,有,無,無,無
R0364,洪鳳雲,女,1949-02-09,A機構,2024-03-29,5,148.7,34.7,O,316,有,有,無,有,有
R0328,劉華榮,女,1952-07-02,C機構,2023-01-25,7,147.8,42.3,A,418,無,無,無,無,無
R0683,陳華春,女,1949/04/10,B機構,2024-12-21,17,159.5,60.2,O,314,有,無,無,無,無
R0645,葉德梅,female,1952-01-16,A機構,2024-09-01,15,158.7,76.5,A,417,無,無,無,無,無
R0708,徐國芬,男,1952-01-18,C機構,2024-05-04,5,163.1,60.6,A,414,有,無,無,無,無
R0715,郭月文,男,1946-11-05,C機構,2023-02-15,10,1.6,60.2,A,119,有,有,無,有,無
R0878,廖水輝,male,1952-06-25,A機構,2026-04-09,3,164.9,71.9,O,417,無,有,無,無,無
R0699,劉淑英,女,1950-11-15,A機構,2023-11-30,9,152.4,55.5,AB,312,無,無,無,有,有
R0340,莊英美,女,1936-01-05,B機構,2024-11-03,13,144.5,39.0,O,307,無,無,無,無,無
R0761,羅梅國,男,1948-01-09,B機構,2024-12-12,7,153.2,69.5,A,112,有,無,無,無,有
R0772,廖梅輝,F,1948-06-12,A機構,2023-08-08,0,149.1,64.8,A,120,無,無,無,有,有
R0743,洪麗雲,女,1942-10-14,A機構,2024-02-04,,156.8,58.3,O,211,有,N,Y,無,有
R0501,郭雄水,男,1944-04-11,B機構,2023-07-08,2,161.3,63.5,A,309,無,有,無,無,無
R0134,劉雄木,女,1948-09-23,C機構,2022-07-28,不詳,151.6,51.1,O,203,無,無,無,無,有
R0563,王榮鳳,女,1937/04/18,A機構,2024-10-14,5,1.49,58.2,O,202,無,無,無,有,無
R0722,蕭雲鳳,男,1953/03/12,A機構,2025-03-16,17,161.2,48.0,O,106,有,有,無,無,有
R0400,廖玉德,男,1944/08/21,B機構,2025-08-06,6,152.7,52.8,O,411,有,有,,無,有
R0110,吳月志,男,1942-12-03,C機構,2024-09-24,10,161.8,46.3,O,307,無,有,有,無,有
R0782,賴國木,女,1941-07-20,C機構,2023-11-15,13,154.5,50.1,O,419,無,無,無,無,無
R0352,劉榮梅,女,1927-09-07,A機構,2024-03-10,7,148.3,47.4,O,111,無,無,有,無,有
R0416,郭珠明,女,1947-01-01,B機構,2025-07-07,8,158.2,53.6,O,209,有,無,無,無,無
R0387,鄭麗明,女,1940/05/24,A機構,2024-03-01,13,147.4,55.1,O,411,有,Y,無,有,有
R0025,林福文,男,1938-10-12,C機構,2023-05-01,5,164.4,61.4,O,104,無,無,無,無,無
R0231,許麗國,男,1939-03-17,A機構,2023-05-19,3,166.8,62.7,A,317,無,無,無,N,無
R0129,何月淑,女,1943-12-01,A機構,2023-12-13,8,150.9,0.0,A,215,無,有,無,無,無
R0844,楊春秀,男,1952-07-24,A機構,2025-04-19,12,171.1,68.4,B,207,有,無,無,無,無
R0453,郭麗琴,女,1944-03-03,B機構,2024-07-25,8,153.3,65.9,A,309,有,無,無,有,有
R0706,呂清英,男,1945-08-28,B機構,2025-10-17,1,171.7,61.4,B,106,Y,無,無,有,無
R0560,莊雄雲,男,1948-10-11,B機構,2023-12-13,8,173.2,77.6,A,207,無,無,無,無,無
R0823,葉榮木,男,1936-08-08,A機構,2022-12-12,11,161.6,63.9,AB,308,無,無,無,有,無
R0174,周桂文,女,1945-05-07,B機構,2024-03-29,7,152.1,50.2,A,104,有,有,無,,無
R0452,曾麗德,女,1943-12-02,B機構,2025-10-10,2,155.3,65.4,A,405,有,無,無,N,有
R0626,劉雄鳳,女,1934-08-30,C機構,2023-12-05,7,149.0,39.2,O,215,無,有,無,無,有
R0701,吳蘭金,female,1942-03-30,C機構,2023-07-12,7,159.8,62.9,O,315,有,,無,有,無
R0022,邱英美,女,1946-07-16,C機構,2023-06-05,10,149.4,47.5,O,420,無,無,無,無,無
R0314,周春麗,F,1952-07-30,A機構,2023-12-12,15,152.0,55.1,B,306,無,無,有,無,有
R0528,徐玉水,男,1951-05-18,B機構,2026-04-24,12,155.3,51.0,B,401,無,有,無,無,無
R0472,楊梅清,男,1934-08-08,A機構,2023-07-22,4,165.9,66.0,A,204,有,無,無,有,無
R0479,周美榮,M,1933-09-12,B機構,2024-03-17,5,171.5,77.3,A,319,有,有,N,無,無
R0143,鄭福輝,男,1941-11-09,C機構,2025-01-02,8,152.8,55.7,B,318,有,無,無,無,無
R0821,呂蘭芬,M,1946-10-19,A機構,2026-04-28,0,166.9,61.2,O,307,無,無,有,無,無
R0639,吳金勇,F,1953-01-03,B機構,2025-04-25,12,147.1,47.0,AB,407,有,無,無,無,無
R0170,何美志,女,1940-02-03,B機構,2024-09-09,0,148.6,45.6,B,415,無,有,有,有,有
R0443,鄭月志,女,1953-11-07,B機構,2026-02-19,8,151.5,46.1,O,418,有,無,無,有,無
R0669,高蘭志,男,1944-12-25,B機構,2025-06-27,9,155.8,55.3,O,315,有,無,無,無,無
R0896,呂勇秀,女,1946-03-09,A機構,2026-03-14,15,148.8,61.3,O,117,有,有,無,無,無
R0200,楊英福,男,1935-04-04,C機構,2023-10-01,8,166.2,72.7,B,311,有,無,無,有,無
R0578,呂琴鳳,女,1946/03/27,C機構,2025-02-22,9,152.0,47.5,O,212,有,Y,有,N,有
R0809,莊志水,男,1931/11/10,A機構,2024-06-19,12,163.9,65.9,A,306,無,無,有,有,無
R0740,廖明秀,男,1927-10-11,B機構,2025-05-15,10,177.3,61.8,O,320,無,無,N,有,有
R0197,李榮明,女,1940-09-17,A機構,2023-07-08,11,142.3,48.7,O,314,有,Y,無,無,有
R0497,郭春金,女,1935-09-25,C機構,2024-11-06,5,153.7,46.1,O,404,有,無,無,無,無
R0784,廖水鳳,女,1945-12-20,B機構,2024-08-04,15,159.1,61.1,B,313,有,無,無,無,有
R0191,徐淑琴,女,1928/12/25,B機構,2025-01-13,11,139.0,39.8,B,302,無,有,無,有,有
R0692,徐淑芬,女,1925-03-21,B機構,2025-06-10,13,149.0,61.6,O,206,有,有,無,有,有
R0503,劉琴鳳,女,1935-01-10,B機構,2025-06-27,2,146.3,49.0,A,117,有,無,無,有,無
R0381,高德鳳,男,1939-02-11,B機構,2024-02-23,6,165.2,56.4,B,119,無,無,無,無,有
R0653,蘇琴淑,女,1944-11-14,B機構,2025-04-05,8,149.9,52.0,B,304,有,有,無,有,無
R0807,林福明,男,1945-09-17,C機構,2023-09-26,5,156.9,53.1,B,114,無,無,有,有,有
R0710,張鳳蘭,M,1947-01-10,B機構,2024-08-26,1,165.5,54.6,O,115,無,有,有,無,有
R0009,葉月春,女,1941-03-29,C機構,2024-08-17,0,151.3,61.0,O,314,無,有,無,無,無
R0681,張芬志,男,1938-10-13,C機構,2025-04-22,13,165.7,76.0,B,210,無,無,有,Y,有
R0814,江明雄,女,1945-12-21,B機構,2025-10-02,,150.1,59.2,B,409,無,無,有,N,有
R0255,吳文雄,男,1943-01-05,A機構,2025-10-15,,166.2,,A,218,無,有,無,N,有
R0239,何玉芬,女,1944-08-05,C機構,2024-10-02,11,147.0,58.7,O,211,有,無,無,無,有
R0002,吳清鳳,女,1945-11-19,A機構,2023-09-24,不詳,154.7,49.2,O,315,有,有,有,有,無
R0789,許麗福,女,1935-07-16,A機構,2025-09-10,7,146.0,47.3,B,315,無,無,無,有,無
R0158,邱秀春,女,1947-10-02,C機構,2025-08-13,,157.9,63.2,AB,308,有,無,無,無,無
R0757,蔡淑春,女,1935-08-17,A機構,2024-08-21,16,155.9,59.0,O,315,有,無,無,無,有
R0085,吳華國,F,1945-12-01,B機構,2025-05-18,4,149.7,39.9,B,406,有,無,無,無,有
R0047,郭德麗,女,1935-04-16,A機構,2025-07-30,8,158.1,60.1,A,120,無,無,無,無,有
R0872,蔡水雄,女,1942-06-25,A機構,2025-05-10,9,146.3,52.3,A,404,有,無,無,無,無
R0218,羅芬月,female,1949-08-24,B機構,2025-03-13,8,159.5,41.5,A,216,有,無,無,無,無
R0741,陳志鳳,女,1947-02-06,A機構,2024-11-09,1,154.7,48.3,O,308,有,無,無,無,有
R0583,邱清鳳,女,1949-02-23,A機構,2024-04-28,0,157.1,67.2,B,305,有,無,無,有,有
R0495,郭琴德,男,1936/06/26,B機構,2024-04-08,3,169.2,63.1,O,108,有,無,無,無,有
R0562,徐輝文,男,1938/11/10,B機構,2024-03-28,15,161.3,42.6,O,411,有,無,有,無,無
R0213,吳華琴,女,1939-08-05,C機構,2024-12-19,8,146.8,53.2,A,209,無,無,無,無,無
R0548,郭木文,M,1932-11-06,C機構,2024-12-22,16,163.2,65.7,O,311,無,無,無,無,無
R0766,羅珠華,F,1944-09-11,C機構,2025-02-25,9,146.5,46.6,B,114,有,無,無,有,無
R0366,黃雄琴,男,1960-11-21,C機構,2024-05-19,17,162.4,55.2,O,113,有,有,無,N,無
R0365,劉雄淑,男,1955-01-07,A機構,2024-12-26,不詳,163.1,53.4,A,412,無,無,有,有,有
R0348,李清梅,女,1938-02-15,A機構,2023-07-07,5,147.0,51.3,B,404,有,無,有,無,有
R0123,洪琴華,女,1953-01-25,A機構,2025-06-25,16,143.0,,O,105,有,無,無,無,無
R0156,賴桂桂,女,1951-10-13,A機構,2023-12-07,4,150.0,47.0,O,407,有,無,N,無,有
R0475,郭蘭英,女,民國45年8月30日,A機構,2023-06-28,3,142.8,30.6,A,402,無,有,有,無,有
R0610,羅水英,女,1937-02-22,A機構,2023-11-26,8,142.2,33.9,AB,314,有,有,無,無,有
R0638,郭國勇,男,1940-06-24,B機構,2025-08-17,,159.7,47.7,O,320,有,無,無,有,有
R0558,王春珠,F,1937-01-19,A機構,2025-04-26,6,152.1,54.4,O,208,N,無,無,有,有
R0659,葉琴福,男,1949-01-29,B機構,2024-01-10,12,170.9,53.7,O,211,Y,無,N,有,無
R0337,莊輝福,女,1946-06-27,A機構,2024-06-15,15,151.0,65.0,A,213,Y,無,無,無,無
R0670,郭金珠,女,1937-08-22,A機構,2024-06-15,11,147.2,57.2,B,114,有,無,有,有,無
R0401,邱福德,女,1939-06-20,A機構,2024-02-22,11,149.1,47.1,O,217,有,,無,無,無
R0206,楊德志,F,民國43年8月16日,B機構,2024-02-08,8,155.1,63.3,A,416,有,無,無,無,有
R0109,曾文秀,男,1940-11-01,B機構,2023-04-30,11,171.1,65.9,AB,304,Y,無,有,無,有
R0853,黃水金,女,1953-07-03,C機構,2024-02-03,5,157.1,43.2,A,214,無,有,無,無,無
R0355,羅雲梅,男,1944-02-12,C機構,2025-01-04,2,160.6,64.4,A,409,無,無,無,無,無
R0029,邱志清,男,1941-09-25,A機構,2023-08-06,9,172.5,76.8,A,104,有,無,有,無,有
R0187,李榮秀,男,1947-08-29,C機構,2024-03-13,13,161.4,53.3,A,211,有,無,有,有,無
R0049,鄭金春,男,1936-01-21,A機構,2025-11-20,13,160.8,63.7,B,207,有,有,無,有,無
R0735,何鳳月,男,1938-12-18,C機構,2025-08-28,13,163.7,49.4,B,404,無,有,有,有,有
R0753,羅桂蘭,男,1948-05-22,A機構,2024-04-21,0,1.53,57.4,O,114,無,N,無,有,無
R0229,郭梅水,男,1948-10-03,C機構,2024-03-10,0,173.4,72.0,AB,203,,有,無,N,無
R0173,鄭福華,女,1959-06-08,B機構,2024-04-28,7,157.7,55.6,A,219,有,無,無,有,無
R0201,李蘭福,男,1940-03-04,C機構,2025-06-11,7,149.2,56.8,AB,216,有,無,無,無,無
R0868,謝春麗,男,1947-08-07,A機構,2025-07-26,8,169.6,71.6,AB,214,有,無,無,無,無
R0122,陳琴玉,女,1941-07-07,B機構,2023-11-01,1,157.4,46.9,O,302,無,無,無,無,無
R0720,蔡雄德,女,1928-01-15,A機構,2025-02-05,4,156.2,,O,116,無,有,無,有,有
R0564,葉志珠,女,1951-02-14,A機構,2023-12-09,15,160.6,81.3,O,207,有,無,無,有,無
R0830,洪金秀,男,1941-07-22,B機構,2024-10-18,11,165.3,66.1,O,111,有,無,無,無,有
R0035,黃梅芬,女,1948-08-07,B機構,2024-05-07,5,153.0,58.8,A,118,無,有,無,無,有
R0131,蔡秀木,女,1948/04/07,A機構,2023-01-22,15,152.5,72.8,A,219,有,無,有,無,無
R0540,莊勇勇,女,1943-06-27,C機構,2023-06-15,6,144.5,53.6,O,202,有,有,無,無,無
R0289,蕭琴英,女,1945-07-10,A機構,2023-10-21,16,154.4,67.6,O,416,無,無,無,無,有
R0742,邱金芬,M,1940-12-08,B機構,2024-04-24,7,159.8,65.6,O,211,有,有,無,無,無
R0062,蔡英琴,女,1938/03/05,A機構,2024-09-27,7,148.3,49.2,O,415,無,N,無,無,無
R0676,羅文桂,男,1949-02-24,C機構,2024-05-15,17,1.53,64.6,O,220,有,無,無,無,無
R0442,謝清鳳,F,1947/08/27,C機構,2025-02-06,7,141.6,44.9,O,102,有,無,無,無,有
R0111,陳清勇,男,1943-10-23,B機構,2023-01-10,3,1.6,66.7,A,220,有,無,無,無,無
R0520,周琴志,男,1952-09-26,C機構,2024-03-28,13,171.4,80.5,B,101,有,無,無,無,無
R0271,莊秀華,女,1945-08-12,A機構,2023-09-28,不詳,157.8,65.5,A,418,有,無,無,無,無
R0354,莊梅雲,女,1935-11-04,A機構,2024-05-07,不詳,155.4,42.3,A,320,有,無,無,有,無
R0449,楊秀勇,男,1941-04-06,B機構,2025-05-22,17,164.5,63.5,A,319,有,無,無,無,無
R0781,郭木木,女,1948-07-25,A機構,2024-03-11,,156.2,54.5,B,406,無,無,無,無,無
R0647,高梅淑,男,1959-04-19,A機構,2025-01-07,,172.5,62.6,B,410,有,有,N,N,有
R0750,謝雄木,男,1953-05-10,A機構,2024-04-11,5,156.1,58.6,O,117,無,無,無,無,無
R0526,高淑清,男,1954-05-14,C機構,2024-12-30,12,160.4,67.2,O,407,有,無,無,無,無
R0601,徐雄華,女,1947-06-01,B機構,2024-07-28,13,146.9,35.4,A,313,有,有,無,有,無
R0884,廖芬桂,女,1948-04-29,B機構,2023-08-23,16,148.9,64.2,AB,402,無,有,無,無,無
R0888,賴英麗,女,1943-11-25,A機構,2025-03-21,11,160.2,49.5,A,413,無,有,無,Y,無
R0894,黃明桂,男,1953-09-26,C機構,2023-05-12,6,168.0,0.0,O,417,有,無,無,無,無
R0547,蘇國珠,女,1944/04/24,B機構,2022-11-12,0,148.9,,B,415,無,無,無,無,有
R0127,張珠文,女,1947-05-30,A機構,2023-11-11,16,142.7,55.4,O,205,有,N,有,無,有
R0027,曾勇琴,女,1953-02-04,A機構,2023-03-14,11,146.9,51.6,A,207,有,無,無,無,無
R0900,劉榮木,女,1948-12-08,C機構,2024-10-22,6,159.2,47.9,O,318,無,無,無,有,有
R0800,周勇珠,女,1934-10-23,C機構,2023-09-27,1,150.6,42.5,O,304,有,有,無,無,有
R0419,廖鳳木,男,1951-01-07,A機構,2023-11-17,8,160.3,60.0,O,215,無,,無,無,無
R0682,蔡志玉,男,民國27年12月20日,C機構,2024-07-19,11,167.2,56.3,O,117,有,有,無,有,有
R0852,徐德榮,男,1952-04-20,A機構,2024-10-24,,151.9,43.7,B,420,有,無,無,有,無
R0751,周榮淑,女,1947-02-20,A機構,2023-05-26,5,142.0,49.2,O,312,有,有,有,無,無
R0320,廖華珠,女,1946-08-15,A機構,2024-03-21,17,144.0,60.1,O,209,無,N,無,無,無
R0550,何秀蘭,男,1936-04-09,B機構,2022-11-29,12,167.7,70.8,O,406,無,有,無,無,無
R0565,莊玉雲,男,1937/07/16,B機構,2024-12-13,1,157.0,47.2,A,411,有,無,無,無,無
R0770,呂桂雄,男,1938-05-21,C機構,2025-06-18,8,170.1,63.8,O,116,有,無,無,有,無
R0707,莊木英,男,1952-05-02,A機構,2025-05-02,13,169.2,56.4,A,102,無,,無,有,無
R0250,劉蘭桂,male,1944-06-21,C機構,2023-11-05,4,162.2,69.0,B,203,無,N,無,有,無
R0076,郭琴清,男,民國33年6月22日,A機構,2025-09-05,9,158.0,70.7,B,107,N,無,無,無,無
R0531,張勇國,女,1945-11-04,B機構,2023-07-26,8,159.1,53.7,A,210,有,無,無,無,無
R0518,高春輝,男,1947-04-02,A機構,2024-09-12,1,160.0,57.7,O,215,有,N,無,無,無
R0862,鄭榮月,M,民國40年11月22日,A機構,2023-04-08,6,152.1,50.8,O,202,無,無,無,無,無
R0353,高月玉,female,1944/06/07,C機構,2025-04-06,10,147.5,44.1,B,417,有,無,無,無,無
R0081,徐玉梅,female,1951-04-10,A機構,2024-11-11,0,143.9,56.6,AB,411,無,Y,無,無,無
R0334,吳梅明,女,1947-03-12,A機構,2025-02-18,13,147.8,47.1,A,305,有,有,無,無,無
R0117,呂志琴,男,1940-10-27,A機構,2025-01-31,9,163.6,76.2,A,102,有,無,無,無,無
R0017,廖秀雄,男,1940-06-17,C機構,2022-09-16,7,159.6,55.6,A,320,Y,無,無,無,無
R0616,林琴水,女,1940-08-29,B機構,2025-04-11,5,155.1,43.5,A,205,Y,無,N,有,有
R0585,許珠德,M,1947/06/17,B機構,2024-07-14,6,156.1,60.5,O,117,有,無,無,有,有
R0411,莊桂秀,男,1939-07-14,C機構,2024-10-09,0,162.3,52.9,B,317,有,無,無,無,有
R0412,洪水勇,男,1939-01-09,A機構,2024-09-06,11,165.3,49.1,B,318,無,無,有,無,有
R0828,郭梅德,女,1942/12/14,B機構,2025-06-02,1,157.5,56.3,B,206,無,無,有,無,有
R0773,羅志國,男,1942-05-19,B機構,2024-03-20,8,153.2,61.9,B,409,無,無,有,無,無
R0392,劉月福,女,1936-05-20,C機構,2023-07-21,10,152.6,52.9,B,408,無,無,無,無,有
R0252,蘇福榮,F,1931-05-25,C機構,2024-10-25,15,1.46,,AB,108,有,無,無,有,有
R0185,何桂勇,女,1938-01-24,B機構,2024-12-19,12,145.8,50.9,A,310,無,,無,無,無
R0468,徐麗福,女,1959-04-25,A機構,2025-09-09,8,148.6,49.5,O,209,無,無,無,無,無
R0430,羅金明,female,1946-08-16,A機構,2023-03-21,11,153.7,54.0,O,318,無,無,無,無,無
R0854,葉梅清,女,1948-11-18,B機構,2024-05-01,9,155.2,66.6,O,118,有,有,無,Y,無
R0402,高鳳芬,男,民國32年9月23日,B機構,2024-07-24,7,152.8,47.0,O,405,無,無,無,無,無
R0561,羅梅雄,女,1949-12-31,A機構,2023-03-23,13,154.9,62.3,O,118,有,無,,無,有
R0607,李雲文,女,1954-04-14,A機構,2023-02-12,3,154.2,52.0,B,103,有,無,無,無,有
R0695,高英桂,男,1942-12-14,B機構,2023-03-02,17,166.5,,O,114,有,無,無,無,無
R0466,鄭玉文,男,1944-05-25,A機構,2023-05-11,8,161.6,47.9,O,118,無,有,無,有,有
R0182,莊雲福,男,1944-09-11,B機構,2026-01-16,13,166.3,59.3,O,419,無,無,無,無,無
R0161,蘇秀蘭,女,1946-08-25,A機構,2024-04-25,7,147.7,53.0,O,418,Y,有,無,無,無
R0487,洪玉春,女,1932-12-30,B機構,2024-01-03,10,155.0,46.4,B,316,無,無,無,有,有
R0662,江月月,女,1947-02-06,C機構,2025-03-27,10,156.1,45.9,O,205,有,有,有,有,有
R0498,曾雄輝,女,1953-03-24,A機構,2024-08-16,5,146.5,52.2,B,306,無,有,有,無,無
R0237,葉木木,女,1946-11-06,B機構,2025-02-10,16,150.2,43.7,B,305,無,有,有,無,無
R0222,陳德國,女,1940-10-29,B機構,2023-12-02,5,160.6,77.3,O,119,有,無,無,有,無
R0651,林桂輝,女,1934-12-05,B機構,2025-12-04,9,147.1,56.3,O,211,有,無,無,無,無
R0776,莊玉雲,M,1937-04-10,C機構,2023-08-06,10,168.8,84.0,A,219,無,無,N,無,無
R0491,莊雄梅,女,1959/01/15,C機構,2023-07-20,11,146.8,51.1,B,101,有,有,有,無,無
R0157,許鳳國,男,1945-05-24,A機構,2024-02-22,1,163.5,81.4,A,420,有,無,無,有,有
R0004,蔡德月,女,1946-09-27,A機構,2023-11-30,10,151.0,62.2,A,314,有,有,無,有,有
R0767,蔡英秀,女,1961-02-12,A機構,2025-07-12,0,164.4,66.4,A,317,無,無,無,無,無
R0886,莊金德,男,民國41年2月3日,B機構,2023-08-13,16,163.8,46.0,O,405,有,無,無,無,無
R0492,徐梅英,男,1939-11-06,C機構,2023-02-24,10,166.4,,O,109,有,無,無,無,無
R0586,吳淑雲,女,1938-08-30,B機構,2023-06-20,3,154.5,61.6,B,110,無,有,有,有,無
R0098,莊福珠,男,1954-11-11,C機構,2024-08-20,12,166.5,84.0,O,213,有,無,無,無,無
R0147,王金蘭,男,1947-03-24,A機構,2023-10-23,13,168.7,61.9,B,307,無,無,,無,無
R0817,蕭淑榮,女,1948-10-16,C機構,2023-08-25,15,152.2,,A,103,無,無,無,有,無
R0132,周國桂,F,1957-05-23,B機構,2024-07-10,不詳,161.6,62.7,O,209,有,有,無,無,無
R0504,張月金,F,1947-12-11,C機構,2023-11-22,9,151.1,46.7,O,117,無,有,無,Y,無
R0063,林志珠,女,1951-06-06,A機構,2024-05-17,16,156.7,61.3,A,412,無,無,N,無,無
R0280,周琴淑,女,1950-05-22,C機構,2023-02-06,8,166.6,68.3,O,218,無,有,無,無,無
R0440,鄭榮志,女,1943-02-23,B機構,2023-09-26,5,160.0,61.2,O,405,有,Y,無,無,無
R0476,謝珠勇,女,1952-05-04,C機構,2024-12-02,15,151.1,43.5,AB,209,有,無,無,無,無
R0164,羅英淑,男,1945-07-16,C機構,2023-08-09,8,167.0,80.6,A,114,無,無,無,無,無
R0070,周德美,女,1944-06-24,C機構,2024-07-27,6,167.5,56.9,A,314,無,無,,有,有
R0357,葉輝英,女,1935-06-18,A機構,2024-05-18,12,154.6,67.4,O,112,有,有,無,無,有
R0295,黃福秀,男,1926-06-28,B機構,2024-08-16,,169.3,68.6,O,214,無,無,無,有,有
R0658,蔡淑水,男,民國35年11月6日,A機構,2022-12-14,16,151.8,56.4,B,218,無,無,無,無,無
R0427,郭輝麗,女,1938-10-19,B機構,2023-12-23,,159.0,54.3,AB,308,有,Y,無,無,有
R0292,鄭月華,男,1952-08-29,B機構,2022-04-05,9,173.7,80.6,O,204,無,無,有,有,無
R0245,劉榮秀,男,1942-12-26,B機構,2023-09-08,0,166.7,60.1,B,105,無,有,無,有,無
R0730,蘇國桂,女,1945-04-11,A機構,2024-08-04,5,147.1,42.7,O,308,無,無,無,有,無
R0490,廖芬月,女,1959/07/11,B機構,2023-10-30,8,155.4,59.1,A,417,N,無,無,無,有
R0045,吳蘭雄,女,1944-03-14,B機構,2024-10-14,10,150.1,44.7,B,403,無,無,無,N,有
R0196,邱淑明,男,1947-12-18,B機構,2024-11-13,11,168.3,62.5,O,416,有,,有,無,無
R0324,吳華輝,女,1934/12/14,B機構,2024-10-06,9,144.5,54.6,O,110,無,無,無,有,有
R0861,張榮梅,女,1943-11-25,B機構,2026-06-07,7,163.7,58.5,A,406,有,有,無,無,有
R0372,蘇珠美,男,1940/10/29,B機構,2023-05-13,17,164.9,40.8,AB,419,有,無,無,無,無
R0508,楊麗華,男,1943-11-28,A機構,2024-07-22,12,153.9,62.0,O,404,無,有,無,N,無
R0100,羅鳳芬,女,1934-09-22,A機構,2024-09-16,0,149.1,53.7,B,110,有,無,無,有,有
R0251,陳志德,F,1956-10-16,A機構,2024-07-04,5,159.3,66.3,A,402,有,無,無,無,有
R0759,羅梅美,男,1947/09/14,A機構,2024-04-27,17,160.2,57.5,O,403,無,無,無,有,無
R0267,徐英國,男,1947-01-10,C機構,2024-08-31,12,168.3,61.6,O,415,有,無,無,無,有
R0394,江英麗,女,1953-09-21,B機構,2025-10-27,3,155.8,51.5,O,301,無,N,無,無,無
R0636,邱德志,男,1950-02-10,B機構,2025-07-11,17,182.6,50.0,B,411,無,無,無,無,無
R0001,蕭文福,男,1945/02/13,A機構,2026-02-18,5,164.6,46.2,O,111,有,無,有,無,無
R0447,郭木勇,女,1940-12-21,B機構,2025-02-20,4,170.1,57.9,A,113,無,有,有,無,有
R0723,蔡淑國,男,1935-04-05,A機構,2024-02-14,10,157.2,41.8,O,305,有,無,無,Y,無
R0532,張玉蘭,女,1946/05/03,A機構,2023-11-29,2,152.0,51.2,B,407,無,無,無,無,有
R0375,曾文美,女,1950-11-26,A機構,2024-06-05,6,142.1,55.4,O,101,無,有,無,無,無
R0011,曾華榮,女,1936-08-26,A機構,2025-05-13,10,158.7,50.9,O,211,無,N,無,無,有
R0260,蔡水美,F,1940-11-19,A機構,2023-09-23,9,152.3,55.1,B,308,有,有,無,有,無
R0886,莊金德,男,民國41年2月3日,B機構,2023-08-13,16,163.8,46.0,O,405,有,無,無,無,無
R0613,江淑文,女,1934/09/06,B機構,2023-06-11,15,150.1,60.5,B,212,無,有,無,無,有
R0588,曾淑淑,男,1953-12-03,A機構,2024-04-07,1,163.7,57.8,B,102,有,無,無,有,無
R0028,鄭芬美,男,1945-03-28,B機構,2024-08-04,4,1.53,48.7,B,210,有,有,無,無,無
R0378,蘇美淑,女,1943-04-08,A機構,2024-07-30,1,154.7,0.0,O,405,無,無,無,無,無
R0243,江榮鳳,女,1954-10-17,C機構,2024-05-23,4,148.7,45.6,O,404,無,有,無,N,無
R0068,蔡蘭水,女,1938-01-13,B機構,2024-10-30,11,155.3,53.2,O,214,有,無,無,無,有
R0594,李明福,男,民國34年2月7日,A機構,2025-06-25,16,178.0,68.1,A,401,有,有,無,無,無
R0641,洪福琴,女,1938-03-31,C機構,2024-09-13,6,151.2,42.2,B,103,有,有,無,無,有
R0778,劉福麗,女,1941-05-05,A機構,2024-05-20,10,155.1,55.7,O,119,有,無,無,無,有
R0078,羅榮美,男,1941-12-15,B機構,2023-08-25,4,170.2,80.1,O,104,無,無,無,無,無
R0724,林福芬,男,1960-09-08,A機構,2024-09-03,5,158.6,47.1,O,214,有,無,無,無,無
R0900,劉榮木,女,1948-12-08,C機構,2024-10-22,6,159.2,47.9,O,318,無,無,無,有,有
R0242,呂英淑,女,1944-06-06,A機構,2024-11-29,7,150.1,44.0,B,411,有,無,無,無,無
R0091,蘇明輝,男,1937-06-24,A機構,2024-04-14,5,1.69,64.4,A,306,無,有,無,有,有
R0118,廖雄明,女,1958-07-02,B機構,2025-01-12,6,152.6,54.7,O,113,無,無,無,無,無
R0039,許勇福,M,1943-11-29,A機構,2024-04-27,,1.61,47.8,A,315,Y,無,,無,無
R0092,賴清榮,女,1945-10-08,A機構,2023-07-26,10,148.7,58.5,A,314,無,無,有,無,無
R0791,王雲桂,女,1836-11-20,B機構,2024-06-26,,159.2,57.2,A,203,有,無,無,無,有
R0389,徐麗榮,女,1947-08-30,A機構,2025-04-09,2,152.8,35.0,A,416,無,無,無,無,無
R0293,劉麗月,男,1941/11/05,C機構,2024-10-01,11,162.7,75.5,A,219,有,無,Y,有,無
R0796,羅水琴,男,1946-05-10,A機構,2024-04-13,7,155.3,63.2,O,408,無,有,有,有,有
R0409,邱桂春,F,1940-06-15,B機構,2025-12-15,0,156.8,49.9,B,213,N,無,無,無,有
R0795,邱月蘭,female,民國36年2月5日,C機構,2023-08-02,3,153.4,52.6,A,411,N,無,無,無,無
R0816,劉月梅,男,1947-12-21,A機構,2024-08-16,2,175.7,74.2,O,118,有,有,無,無,有
R0226,邱鳳淑,男,1943-11-29,A機構,2024-03-28,13,172.2,74.4,A,301,有,無,無,有,無
R0635,陳清梅,男,1950-12-25,A機構,2025-06-01,13,152.7,,AB,302,有,有,無,無,無
R0204,林德琴,女,1934-02-20,B機構,2022-11-14,15,152.5,57.7,B,312,無,無,有,無,有
R0195,王珠英,F,1953-04-27,A機構,2024-12-05,5,158.3,52.1,B,118,無,N,無,,有
R0726,蘇蘭珠,男,1947-11-28,A機構,2024-04-18,8,165.6,72.5,O,416,無,無,有,無,有
R0805,周桂水,F,1939-09-24,B機構,2024-04-05,0,143.9,54.2,O,419,有,有,有,N,無
R0674,蘇蘭金,女,1957-09-25,B機構,2023-03-24,15,154.4,59.7,B,215,有,無,無,無,無
R0876,陳梅美,F,1944-10-08,A機構,2024-03-02,0,151.6,51.4,O,406,N,有,無,無,無
R0696,莊志美,女,1940-12-12,A機構,2024-07-11,10,153.1,55.5,A,114,無,無,無,無,無
R0524,蕭福榮,女,1931-07-07,A機構,2023-05-05,10,154.0,52.1,B,219,無,無,無,無,有
R0146,謝文英,女,1937-08-26,B機構,2024-11-15,10,153.8,46.0,A,315,有,N,無,無,有
R0573,郭珠英,女,1935-08-03,B機構,2022-12-24,5,151.3,56.7,O,219,有,無,無,無,無
R0598,邱華桂,女,1935-07-01,C機構,2024-01-09,11,157.8,51.2,B,306,無,有,無,有,有
R0219,何蘭水,女,1945/02/05,C機構,2023-11-15,8,151.7,56.3,A,306,無,有,無,無,無
R0621,邱志雲,女,1942-05-14,A機構,2024-06-24,4,1.52,56.9,O,405,無,無,無,有,有
R0390,楊鳳珠,女,1948-08-08,A機構,2025-04-18,不詳,160.9,50.7,O,409,無,有,無,無,無
R0342,蕭珠淑,女,1945-09-09,B機構,2024-09-15,17,157.8,62.2,O,108,無,無,無,無,無
R0377,邱芬輝,女,1945-03-14,A機構,2024-09-17,5,150.5,35.6,O,216,有,無,N,無,無
R0325,黃木木,女,1960/05/29,B機構,2024-07-13,7,146.2,43.7,B,411,Y,無,無,無,無
R0467,賴木華,女,1929/11/03,A機構,2024-06-23,3,149.8,52.4,A,404,無,無,無,無,無
R0116,徐金秀,F,1946-06-11,A機構,2024-05-10,7,146.9,55.6,O,209,有,有,無,無,無
R0041,許月國,女,1943-08-06,A機構,2024-10-02,13,157.4,52.1,O,117,無,無,無,無,有
R0774,王木文,female,1958-03-29,A機構,2022-06-15,2,152.5,47.5,O,112,有,無,無,無,無
R0189,陳英秀,女,1936-12-31,A機構,2024-04-23,7,156.2,54.5,AB,103,無,無,無,Y,有
R0106,陳榮玉,女,1950-11-19,A機構,2023-09-11,3,1.55,60.7,O,106,有,無,無,無,有
R0024,蘇志明,男,1935-03-24,C機構,2023-05-03,不詳,161.2,45.4,B,206,有,有,無,Y,有
R0305,劉梅明,男,1950/02/01,B機構,2024-04-20,,159.8,63.9,B,405,有,有,Y,無,無
R0339,郭德華,女,1939-09-10,A機構,2026-01-27,2,142.2,40.9,A,113,無,有,有,有,有
R0007,許雲梅,女,1941-11-19,C機構,2023-06-11,12,162.0,64.7,B,113,有,無,有,有,有
R0829,王華德,男,1926-12-21,B機構,2022-11-09,10,172.2,83.9,AB,313,無,無,無,有,有
R0036,林芬明,女,1960/11/29,C機構,2025-06-03,13,158.2,55.5,A,201,有,無,有,無,無
R0121,劉清德,男,1946-10-31,A機構,2026-04-04,12,163.4,59.6,O,111,無,無,無,無,有
R0048,黃月明,女,1940/10/01,B機構,2024-09-27,10,148.9,57.4,O,207,有,有,有,無,無
R0871,邱金淑,女,1957-02-01,C機構,2024-11-13,6,1.62,58.1,B,216,有,有,無,無,有
R0575,張清明,男,1948-04-30,B機構,2025-09-12,8,169.5,72.5,O,420,無,無,無,有,無
R0086,廖春美,女,1947/04/28,A機構,2023-11-08,11,144.8,47.3,O,404,無,無,無,無,無
R0804,楊金德,男,1944-09-12,B機構,2024-01-15,5,154.1,46.9,O,411,無,無,有,有,有
R0318,江蘭桂,女,1957-02-17,A機構,2023-12-30,4,139.1,37.3,A,111,無,有,有,無,無
R0408,何鳳水,女,1946-12-29,B機構,2025-11-04,17,152.0,53.1,O,201,有,無,無,Y,無
R0141,鄭淑福,女,1945-11-27,B機構,2024-01-30,7,150.6,34.5,O,418,有,無,有,無,無
R0703,蔡志月,女,1934-11-05,B機構,2026-04-02,,157.2,53.6,O,213,無,有,有,無,無
R0276,許珠水,男,1953-09-25,B機構,2025-02-10,12,178.5,,O,318,無,有,有,無,無
R0399,郭勇水,男,1943-05-07,A機構,2024-10-29,8,151.2,60.2,AB,218,無,有,無,,有
R0311,高玉清,男,1947-09-21,C機構,2025-11-25,3,160.4,,O,107,有,,無,無,無
R0672,楊麗勇,女,1960-06-07,A機構,2023-07-11,10,141.8,52.9,O,413,無,無,無,無,無
R0235,高麗國,女,1952-08-31,B機構,2023-08-24,0,152.3,47.7,B,318,有,有,無,無,有
R0700,高蘭美,女,1939-06-23,A機構,2023-01-02,6,158.9,57.4,O,320,有,無,無,無,無
R0236,林榮芬,女,1937-05-05,C機構,2024-08-17,3,149.0,52.6,O,111,Y,無,無,無,有
R0587,葉水明,男,1951-03-13,B機構,2025-07-23,3,158.3,60.2,B,305,無,有,無,無,有
R0323,洪鳳琴,男,1947/07/25,A機構,2024-05-30,7,158.7,52.7,O,408,無,無,無,無,無
R0403,羅梅英,男,1940-05-14,B機構,2024-10-18,8,171.5,66.0,A,401,,無,無,有,無
R0887,蔡華美,男,1940-02-16,A機構,2024-11-27,1,158.9,,O,410,有,有,有,有,有
R0686,謝蘭珠,F,1939/12/24,C機構,2023-09-23,2,148.9,48.8,A,204,無,有,無,無,有
R0356,何鳳雲,男,1938-09-27,A機構,2023-08-15,11,168.2,48.1,B,204,有,N,,有,無
R0426,許雲國,女,1936-11-21,A機構,2026-01-18,8,145.4,49.6,O,205,無,無,無,無,有
R0717,楊秀琴,女,1929-03-14,C機構,2024-03-13,17,153.1,45.2,A,104,有,N,無,有,有
R0595,謝雲雄,男,1940-05-09,C機構,2023-01-09,6,1.54,42.8,A,212,無,無,無,無,無
R0299,楊秀明,男,1949-12-10,C機構,2025-06-06,11,158.1,44.9,A,314,無,無,無,有,無
R0441,徐鳳文,男,1939-08-10,A機構,2023-08-19,15,172.2,54.8,O,302,有,無,有,有,有
R0568,林金水,女,1950-11-15,C機構,2023-08-07,4,149.9,53.3,O,305,無,無,無,無,無
R0842,謝月月,女,1925-08-29,A機構,2024-01-18,7,163.5,60.6,B,419,無,無,無,無,有
R0819,葉淑金,女,1952-11-06,A機構,2024-12-13,5,154.0,43.8,O,411,無,有,無,有,有
R0021,洪金華,女,1959-09-09,C機構,2026-01-27,4,157.3,45.0,A,104,有,無,無,無,有
R0176,邱德志,男,1940-06-23,B機構,2023-04-18,6,167.6,72.7,AB,104,,無,無,有,有
R0485,曾英芬,女,1943-01-23,A機構,2024-10-15,5,144.6,44.9,O,317,無,無,無,無,無
R0405,劉月麗,female,民國33年12月12日,A機構,2024-07-30,10,145.3,50.8,O,111,有,N,N,有,有
R0834,王秀水,男,1961-03-15,C機構,2024-11-28,7,162.3,60.3,A,219,無,無,無,無,無
R0867,吳國雄,女,1938-11-06,C機構,2025-09-28,9,144.8,56.2,O,301,Y,無,無,有,有
R0297,廖梅國,女,1947-03-27,B機構,2023-05-09,,148.8,52.3,O,120,有,有,無,有,有
R0087,王金春,男,1937/01/13,B機構,2025-03-30,0,165.4,71.2,A,310,無,無,N,有,有
R0343,洪雄福,男,1939/09/08,C機構,2024-06-01,10,1.67,77.3,A,115,無,有,無,無,無
R0139,邱春國,男,1938-08-26,A機構,2022-09-07,5,161.0,79.0,A,314,無,有,無,有,無
R0437,郭輝木,女,1940-04-20,C機構,2023-12-13,13,159.5,38.2,O,411,無,無,有,無,無
R0038,黃明秀,男,1944-08-10,C機構,2024-08-13,15,163.8,67.9,O,111,有,無,無,無,無
R0738,葉英福,F,1941-12-29,A機構,2024-11-19,0,161.4,78.0,B,104,有,無,無,無,有
R0728,林清秀,男,1941-02-01,A機構,2025-03-24,不詳,160.9,55.5,B,314,有,無,無,無,無
R0422,呂榮華,女,1952-08-18,A機構,2023-07-03,0,149.1,,B,211,無,無,無,無,有
R0780,周淑福,男,1949-01-08,A機構,2023-12-02,11,167.5,62.1,A,206,無,無,無,無,無
R0496,呂淑福,男,1931-01-25,A機構,2023-11-12,13,166.0,56.9,O,319,有,N,無,有,有
R0350,周玉麗,女,1950-06-17,A機構,2024-01-27,12,142.9,55.3,O,314,有,無,無,無,無
R0714,周英淑,男,1947-11-10,C機構,2025-06-27,10,160.4,59.6,O,207,有,無,無,有,有
R0344,王鳳芬,女,1956-08-24,B機構,2025-12-19,不詳,151.0,,O,213,無,有,無,無,無
R0418,邱雄德,女,1944-02-15,A機構,2022-05-20,13,150.4,59.7,O,312,無,無,,有,無
R0734,蘇清英,女,1938/12/07,A機構,2023-08-03,0,152.9,55.0,B,109,有,無,無,無,有
R0870,蔡榮華,女,1943-12-12,B機構,2024-01-23,0,150.9,60.1,AB,409,有,無,有,無,有
R0858,葉英春,女,1950-09-23,A機構,2023-06-12,7,149.4,56.5,AB,118,無,N,無,無,有
R0423,葉國明,男,1933-02-04,B機構,2022-10-04,13,170.7,56.3,A,412,無,無,無,有,有
R0016,江秀輝,女,1929-11-01,A機構,2024-02-10,11,152.0,71.3,A,306,,,無,有,有
R0522,楊秀明,女,1960-12-13,B機構,2022-09-12,0,152.1,40.5,O,105,有,無,無,無,無
R0417,呂金梅,男,1946-08-11,C機構,2025-12-21,5,168.1,51.5,O,210,無,無,無,無,無
R0246,葉文麗,男,1956-02-22,A機構,2023-05-31,17,171.2,55.7,AB,104,有,無,無,無,有
R0144,莊美英,女,1939-06-16,B機構,2024-01-31,11,150.0,54.7,O,104,有,無,無,無,有
R0898,廖金木,女,1944-12-12,B機構,2025-03-02,5,144.2,53.7,A,117,無,無,無,無,無
R0209,郭鳳文,男,1937-01-21,B機構,2024-07-09,不詳,160.6,63.4,O,109,有,無,有,有,無
R0223,洪英金,女,1939-12-03,B機構,2025-04-12,15,157.4,50.4,A,119,有,無,有,有,無
R0793,徐琴美,女,1930-10-24,B機構,2025-04-03,16,147.4,41.9,B,302,無,無,無,有,有
R0238,廖琴芬,女,1932-08-22,C機構,2025-08-08,5,155.2,67.1,O,312,有,有,無,有,有
R0856,羅清芬,女,1951-04-04,A機構,2023-11-20,7,151.0,54.3,A,218,無,無,無,無,無
R0435,蔡英月,男,1953-02-01,A機構,2025-03-13,7,161.5,67.2,A,407,有,有,有,無,無
R0640,曾雄勇,M,1944/04/24,C機構,2023-09-10,不詳,158.8,62.3,B,418,有,無,有,無,無
R0697,陳水金,女,1944-12-23,A機構,2025-07-12,17,154.9,59.0,O,202,有,無,無,無,有
R0207,蕭秀英,女,1942-07-08,A機構,2024-05-21,8,152.6,44.2,A,208,有,無,無,無,無
R0448,葉淑雲,F,1951-02-15,A機構,2024-12-07,13,154.6,70.3,O,112,有,無,無,無,有
R0240,呂福蘭,男,1944/11/20,B機構,2024-09-01,0,161.0,67.5,B,120,有,有,無,有,有
R0678,劉志金,男,1940-07-07,B機構,2023-07-11,1,155.9,45.0,O,111,N,無,有,無,有
R0264,李福麗,男,1949-02-22,A機構,2024-06-30,10,157.7,62.5,O,207,無,有,有,,有
R0450,林雲福,女,1943-10-18,A機構,2024-09-20,6,156.3,53.2,O,106,有,有,無,無,無
R0570,江雲蘭,男,1947-12-26,A機構,2024-08-15,9,168.4,63.8,AB,416,有,無,無,有,有
R0652,廖文蘭,男,1946-08-05,A機構,2024-12-15,0,173.0,81.4,O,104,有,有,有,無,有
R0152,曾琴珠,男,1936-05-14,C機構,2024-02-02,6,162.6,76.0,B,406,無,無,無,無,無
R0744,陳木英,男,1937-10-20,B機構,2024-04-25,13,161.7,54.3,B,109,無,無,無,無,無
R0549,賴琴春,男,1960-09-30,A機構,2024-10-04,6,162.5,59.1,B,110,無,無,無,無,有
R0471,江芬清,女,1953-01-14,B機構,2024-08-19,11,162.8,42.3,A,314,無,無,有,無,無
R0506,周水鳳,男,1939-12-16,B機構,2024-01-06,8,173.2,70.0,O,108,有,無,無,無,有
R0026,洪春淑,女,1946-07-01,B機構,2025-02-04,13,145.5,41.7,O,218,無,無,無,有,無
R0893,周玉鳳,男,1951-07-10,C機構,2024-07-28,11,163.3,86.5,AB,404,無,有,無,無,無
R0763,陳雄榮,F,1942-03-13,B機構,2024-05-01,6,151.3,44.8,O,203,有,N,無,無,有
R0591,吳水勇,女,1941-10-09,A機構,2023-05-22,2,151.4,43.1,O,413,無,有,無,有,有
R0874,許榮雄,女,1935-09-28,A機構,2024-02-17,6,152.1,43.0,A,401,,有,有,無,有
R0055,周國志,女,1942-12-12,A機構,2024-12-30,6,150.1,56.1,A,411,有,有,無,有,無
R0545,劉秀淑,男,1949-02-06,C機構,2024-12-04,0,179.5,86.1,B,302,無,無,無,N,無
R0617,江明雄,男,1951-09-28,B機構,2024-03-20,0,153.4,53.9,O,303,有,無,無,無,有
R0602,蕭華美,女,1942-04-09,C機構,2023-10-24,3,153.4,67.6,B,207,無,無,無,有,有
R0483,廖春麗,男,1926-06-07,B機構,2024-12-07,不詳,167.0,56.7,O,305,有,有,,無,無
R0064,楊美勇,F,1945-01-23,C機構,2024-06-01,4,152.3,55.3,A,306,無,無,N,有,有
R0278,吳德文,F,1950-05-23,C機構,2022-08-31,不詳,145.4,52.3,A,101,有,無,無,無,無
R0125,王月月,女,1934-11-03,C機構,2024-09-05,11,150.0,48.1,A,313,有,無,無,有,無
R0006,王秀華,男,1938-04-08,A機構,2022-11-17,2,166.6,60.1,O,314,有,有,,有,有
R0721,吳文玉,女,1950-08-28,B機構,2023-02-06,6,161.3,52.5,A,403,無,有,有,無,無
R0838,邱雲玉,女,1947-10-30,B機構,2025-03-04,6,153.5,64.8,B,218,有,無,無,無,無
R0897,林清華,女,1955-01-07,C機構,2025-10-31,13,1.42,52.3,O,405,無,有,無,無,無
R0444,郭琴鳳,女,1945-03-10,A機構,2025-09-27,10,143.3,50.0,O,307,有,無,無,無,無
R0873,江淑福,女,1945-11-28,A機構,2026-02-17,8,154.9,52.3,O,208,有,無,無,N,無
R0756,高福玉,女,1941-02-11,A機構,2025-06-26,13,148.7,39.1,O,316,有,無,有,無,有
R0673,許桂華,女,1950-09-18,B機構,2024-07-08,11,153.0,51.3,O,409,有,無,無,無,有
R0769,吳清梅,男,1944-04-07,C機構,2024-02-16,0,164.8,69.3,O,409,有,有,有,有,有
R0119,蕭木德,女,1940-01-23,C機構,2025-01-05,1,145.8,54.6,A,212,無,無,有,無,無
R0877,洪明雲,男,1938-02-05,A機構,2023-03-09,,165.7,66.4,B,103,有,無,有,有,有
R0500,羅明金,男,1949-02-05,B機構,2025-06-04,10,149.6,44.3,A,314,有,有,N,無,無
R0768,周雄勇,男,1945-08-15,A機構,2025-04-09,6,164.7,70.9,O,311,無,有,無,有,有
R0478,王美鳳,女,1942-06-11,B機構,2024-06-19,5,154.7,69.8,A,314,無,無,無,無,無
R0606,李月清,男,1932-04-04,B機構,2025-12-05,6,163.0,51.3,O,104,,無,無,無,有
R0202,周文文,女,1956-01-18,B機構,2025-01-15,0,156.7,57.0,B,420,無,無,N,無,無
R0457,周雄雄,女,1957-05-13,C機構,2025-05-12,10,143.7,51.2,O,401,有,無,有,無,有
R0095,蘇榮桂,女,1943-10-31,B機構,2024-09-06,15,159.8,60.1,A,106,,有,無,有,無
R0135,賴榮華,M,1938-08-24,A機構,2023-12-03,17,154.1,62.6,B,201,無,無,無,有,有
R0326,曾華華,女,1939-01-14,B機構,2023-08-11,9,149.9,50.7,O,411,有,無,無,,無
R0460,王秀月,女,1935-06-29,A機構,2024-12-18,10,1.52,72.2,B,104,無,無,無,有,有
R0212,何玉國,女,1941-01-09,C機構,2025-09-18,,145.7,47.2,O,118,有,無,有,,無
R0192,劉英國,男,1946-09-08,B機構,2024-08-12,3,168.9,72.2,O,411,有,無,有,無,有
R0822,何琴麗,M,1934/02/21,C機構,2023-04-25,16,151.1,34.2,AB,218,有,有,無,無,有
R0234,周英鳳,女,1948-12-19,C機構,2025-06-02,12,156.5,66.4,A,118,無,無,無,有,有
R0718,楊梅華,女,1944/11/16,B機構,2022-07-06,5,149.7,51.8,B,403,有,無,無,無,無
R0175,郭文志,男,1947-10-19,B機構,2023-08-27,12,172.1,74.1,O,305,無,無,無,有,有
R0056,徐麗榮,男,1947-06-28,A機構,2026-02-09,16,168.7,59.2,O,120,無,無,無,有,無
R0859,許秀國,男,1947-11-14,B機構,2023-10-21,11,169.0,71.8,B,401,有,,無,無,有
R0551,呂秀美,女,1945-03-09,B機構,2024-07-15,2,152.2,69.4,O,414,無,無,無,無,無
R0148,曾輝桂,男,1944-11-07,A機構,2024-07-06,7,170.3,53.0,AB,116,無,無,無,無,無
R0199,林福梅,F,1939-12-05,B機構,2024-08-21,11,148.2,51.5,O,410,無,無,無,有,無
R0541,李蘭清,女,1951-11-22,A機構,2024-08-17,3,153.8,59.9,A,210,Y,無,無,無,有
R0010,黃文雄,女,1937-10-04,A機構,2024-07-08,16,151.5,46.4,AB,307,有,無,無,有,無
R0270,葉志琴,女,1946-10-28,C機構,2025-11-06,,150.6,56.4,AB,405,有,無,無,無,無
R0436,蔡金雲,F,1938-11-29,A機構,2024-08-12,10,148.0,46.9,O,111,有,無,無,有,無
R0477,許雄秀,女,1931-04-11,C機構,2025-04-03,13,151.0,53.7,B,404,無,有,無,有,有
R0005,高輝金,男,1948/10/12,A機構,2024-08-04,3,151.5,46.8,A,303,有,無,有,無,有
R0866,劉英梅,男,1942-12-02,A機構,2024-05-08,11,162.2,44.9,O,109,有,無,無,無,無
R0462,葉美麗,女,1941/12/20,C機構,2024-04-12,8,143.8,56.1,A,201,無,無,無,無,無
R0386,高國英,女,1960-12-18,B機構,2024-04-24,8,144.1,50.6,B,417,有,無,有,無,無
R0446,謝金芬,男,1949/08/02,A機構,2025-03-01,17,164.9,46.8,B,207,有,無,無,無,有
R0840,王玉明,F,1946-06-14,C機構,2024-05-15,10,155.5,50.6,B,209,有,有,有,無,有
R0043,莊勇國,女,1945-10-14,A機構,2023-09-06,5,162.6,47.7,O,201,有,有,有,無,有
R0142,許珠珠,M,1938/10/30,A機構,2024-03-11,11,152.4,60.5,O,410,有,有,有,N,無
R0889,王清勇,女,1952/01/16,C機構,2023-09-12,12,156.5,61.1,O,219,無,無,無,無,無
R0890,邱芬志,F,1941-01-06,B機構,2024-07-12,不詳,144.9,49.4,A,405,無,有,無,無,無
R0090,江麗蘭,男,1945-01-27,C機構,2024-10-04,10,159.2,57.9,O,308,無,無,有,有,無
R0611,郭華雄,女,1949-08-18,A機構,2024-03-19,8,149.6,45.9,O,207,無,無,無,有,無
R0451,王木秀,女,1944-05-12,A機構,2024-11-01,12,154.5,48.3,A,408,無,無,有,無,有
R0330,李金麗,男,1933-01-04,B機構,2022-10-01,5,161.1,54.4,B,319,無,無,無,有,無
R0166,陳秀輝,女,1940-04-25,B機構,2025-05-02,13,162.2,43.6,B,306,有,無,無,無,有
R0632,陳秀珠,男,1946-03-29,A機構,2024-11-15,16,169.3,65.7,O,413,有,無,無,無,無
R0103,周秀麗,女,1937-05-27,A機構,2023-04-21,15,160.8,63.3,B,118,Y,Y,無,無,有
R0054,許輝琴,男,1942-12-18,C機構,2024-01-11,12,163.1,43.8,A,217,有,無,有,無,無
R0559,黃勇秀,女,1944-06-06,A機構,2024-10-15,,155.5,63.6,A,411,有,無,無,無,有
